timestamp,interface,source,target,status_code,error_message,processing_time,retry_count,true_category
2026-10-02T15:08:47,Warehouse_Transfer_Order,S4HANA,WMS_Manhattan,400.0,Bad Request: JSON schema validation error - missing mandatory field 'KUNNR' in customer payload [Ref: MSG-46048],524,0.0,Validation/Data
2026-10-01T08:05:13,General_Ledger_Batch_Post,BillingEngine,S4HANA,400.0,Bad Request: Invalid date format in delivery_date '2026-31-02' - expected YYYY-MM-DD [Ref: MSG-65302],429,0.0,Validation/Data
2026-10-07T01:26:14,Warehouse_Transfer_Order,S4HANA,WMS_Manhattan,422.0,Unprocessable Entity: Currency code 'USDD' is not ISO-4217 compliant [Ref: MSG-95181],547,0.0,Validation/Data
2026-10-03T16:09:13,Invoice_Post_Out,S4HANA,SAP_CPI,502.0,Bad Gateway: Connection refused by target SAP S/4HANA host on port 8001 [Ref: MSG-65392],353,5.0,Connectivity
2026-10-03T19:38:16,Shipment_Confirmation_EDI,B2B_EDI_Partner,SAP_CPI,502.0,Bad Gateway: SAP Cloud Connector subaccount tunnel 'hana-prd-s4' is offline [Ref: MSG-22676],353,3.0,Connectivity
2026-10-05T17:53:40,Shipment_Confirmation_EDI,B2B_EDI_Partner,SAP_CPI,400.0,Bad Request: Invalid date format in delivery_date '2026-31-02' - expected YYYY-MM-DD [Ref: MSG-20328],678,0.0,Validation/Data
2026-10-02T05:14:49,Warehouse_Transfer_Order,S4HANA,WMS_Manhattan,422.0,Business Rule Violation: SAP Posting period 09/2026 is closed in company code 1000 [Ref: MSG-19116],2747,0.0,Business error
2026-10-03T22:40:53,Order_Create_Inbound,Shopify_Storefront,S4HANA,401.0,SAP RFC logon rejected: Technical communication user 'RFC_CPI_COMM' is locked [Ref: MSG-59823],442,0.0,Authentication/Authorization
2026-10-07T05:41:04,Vendor_Remittance_Advice,S4HANA,Banking_API,503.0,Service Unavailable: Target endpoint under maintenance window [Ref: MSG-44993],174,3.0,Connectivity
2026-10-04T16:59:40,Invoice_Post_Out,S4HANA,SAP_CPI,401.0,SAP RFC logon rejected: Technical communication user 'RFC_CPI_COMM' is locked [Ref: MSG-70589],280,1.0,Authentication/Authorization
2026-10-07T09:51:20,Customer_Master_Sync,Salesforce_CRM,S4HANA,503.0,TCP connection reset by peer during TLS handshake with Vertex Tax Engine [Ref: MSG-40021],393,2.0,Connectivity
2026-10-04T20:56:58,Payment_Status_Update,Payment_Stripe,S4HANA,403.0,Forbidden: User lacks authorization for BAPI_SALESORDER_CREATEFROMDAT2 in S4HANA [Ref: MSG-95909],286,1.0,Authentication/Authorization
2026-10-05T16:47:37,Payment_Status_Update,Payment_Stripe,S4HANA,401.0,HTTP 401 Unauthorized: Invalid API key provided in header x-api-key [Ref: MSG-83579],379,1.0,Authentication/Authorization
2026-10-05T23:05:48,Payment_Status_Update,Payment_Stripe,S4HANA,400.0,Bad Request: XML parse exception - mismatched closing tag </itemRecord> at line 48 [Ref: MSG-28131],163,0.0,Validation/Data
2026-10-05T10:24:24,Vendor_Remittance_Advice,S4HANA,Banking_API,401.0,HTTP 401 Unauthorized: Invalid API key provided in header x-api-key [Ref: MSG-65333],143,1.0,Authentication/Authorization
2026-10-07T07:07:43,Tax_Calculation_Call,SAP_CPI,TaxEngine_Vertex,504.0,Gateway Timeout: HTTP read timeout after 90000ms waiting for Salesforce bulk API response [Ref: MSG-11504],56565,4.0,Timeout
2026-10-04T13:29:00,Order_Create_Inbound,Shopify_Storefront,S4HANA,400.0,Bad Request: XML parse exception - mismatched closing tag </itemRecord> at line 48 [Ref: MSG-48469],298,1.0,Validation/Data
2026-10-05T11:55:40,Tax_Calculation_Call,SAP_CPI,TaxEngine_Vertex,422.0,Business Rule Violation: Material 'MAT-8002' marked for deletion or blocked in plant 1010 [Ref: MSG-33416],1988,0.0,Business error
2026-10-07T13:34:49,Invoice_Post_Out,S4HANA,SAP_CPI,422.0,Unprocessable Entity: Currency code 'USDD' is not ISO-4217 compliant [Ref: MSG-59009],313,1.0,Validation/Data
2026-10-01T11:59:23,Employee_Onboarding_Event,Workday_HCM,ServiceNow,500.0,Internal Server Error: NullPointerException in custom Groovy script step 'TransformOrder.groovy' line 42 [Ref: MSG-74042],1469,2.0,Application/System error
2026-10-03T02:05:05,Payment_Status_Update,Payment_Stripe,S4HANA,422.0,Business Rule Violation: Material 'MAT-8002' marked for deletion or blocked in plant 1010 [Ref: MSG-17592],2679,0.0,Business error
2026-10-05T01:10:16,Invoice_Post_Out,S4HANA,SAP_CPI,422.0,"Business Rule Violation: Credit limit exceeded for customer 'ACME_CORP' (Limit: $50,000, Current Order: $68,000) [Ref: MSG-96474]",1664,0.0,Business error
2026-10-06T17:25:42,Tax_Calculation_Call,SAP_CPI,TaxEngine_Vertex,422.0,Unprocessable Entity: Currency code 'USDD' is not ISO-4217 compliant [Ref: MSG-36365],460,0.0,Validation/Data
2026-10-02T15:04:21,Product_Catalog_Export,S4HANA,Salesforce_CRM,408.0,HTTP 408 Request Timeout: Socket read timed out after 45000ms waiting for WMS response [Ref: MSG-25860],43628,0.0,Timeout
2026-10-07T04:03:14,Customer_Master_Sync,Salesforce_CRM,S4HANA,422.0,Unprocessable Entity: Currency code 'USDD' is not ISO-4217 compliant [Ref: MSG-19305],368,0.0,Validation/Data
2026-10-02T16:42:31,Order_Create_Inbound,Shopify_Storefront,S4HANA,403.0,Forbidden: User lacks authorization for BAPI_SALESORDER_CREATEFROMDAT2 in S4HANA [Ref: MSG-77391],363,0.0,Authentication/Authorization
2026-10-07T21:12:06,Payment_Status_Update,Payment_Stripe,S4HANA,401.0,OAuth2 token refresh failed: invalid_grant - Refresh token revoked [Ref: MSG-71993],211,0.0,Authentication/Authorization
2026-10-08T07:03:43,Shipment_Confirmation_EDI,B2B_EDI_Partner,SAP_CPI,408.0,Request Timeout: Client connection dropped before request payload was fully received [Ref: MSG-71213],70635,3.0,Timeout
2026-10-07T11:15:12,Shipment_Confirmation_EDI,B2B_EDI_Partner,SAP_CPI,400.0,Bad Request: JSON schema validation error - missing mandatory field 'KUNNR' in customer payload [Ref: MSG-54473],359,0.0,Validation/Data
2026-10-04T15:55:59,Invoice_Post_Out,S4HANA,SAP_CPI,408.0,Request Timeout: Client connection dropped before request payload was fully received [Ref: MSG-46509],60624,0.0,Timeout
2026-10-05T08:05:59,Customer_Master_Sync,Salesforce_CRM,S4HANA,409.0,Conflict: Concurrency version conflict updating Customer Master record 'CUST-10492' [Ref: MSG-95477],1438,1.0,Business error
2026-10-02T20:57:03,Product_Catalog_Export,S4HANA,Salesforce_CRM,502.0,HTTP 502 Bad Gateway: Network socket prematurely closed by upstream server [Ref: MSG-73092],306,1.0,Connectivity
2026-10-03T21:44:46,Inventory_Adjustment_Feed,WMS_Manhattan,S4HANA,403.0,HTTP 403 Forbidden: Insufficient scopes for OAuth token on endpoint /api/v2/orders [Ref: MSG-69638],572,3.0,Authentication/Authorization
2026-10-03T14:03:37,Invoice_Post_Out,S4HANA,SAP_CPI,400.0,"Bad Request: Header Content-Type 'text/plain' not acceptable, expected 'application/json' [Ref: MSG-34890]",369,0.0,Validation/Data
2026-10-05T23:32:58,Customer_Master_Sync,Salesforce_CRM,S4HANA,403.0,Forbidden: User lacks authorization for BAPI_SALESORDER_CREATEFROMDAT2 in S4HANA [Ref: MSG-16572],349,2.0,Authentication/Authorization
2026-10-05T10:43:55,Invoice_Post_Out,S4HANA,SAP_CPI,401.0,Unauthorized: Client credentials rejected by SAP Identity Authentication Service (IAS) [Ref: MSG-18981],322,0.0,Authentication/Authorization
2026-10-02T03:05:26,General_Ledger_Batch_Post,BillingEngine,S4HANA,401.0,SAP RFC logon rejected: Technical communication user 'RFC_CPI_COMM' is locked [Ref: MSG-87924],396,1.0,Authentication/Authorization
2026-10-07T06:20:15,Inventory_Adjustment_Feed,WMS_Manhattan,S4HANA,400.0,Bad Request: XML parse exception - mismatched closing tag </itemRecord> at line 48 [Ref: MSG-36772],260,0.0,Validation/Data
2026-10-07T10:00:29,Product_Catalog_Export,S4HANA,Salesforce_CRM,403.0,Forbidden: Client certificate missing or not trusted in SAP CPI Keystore [Ref: MSG-51441],481,1.0,Authentication/Authorization
2026-10-03T00:16:08,Order_Create_Inbound,Shopify_Storefront,S4HANA,400.0,Bad Request: Invalid date format in delivery_date '2026-31-02' - expected YYYY-MM-DD [Ref: MSG-80468],866,1.0,Validation/Data
2026-10-02T22:53:34,Employee_Onboarding_Event,Workday_HCM,ServiceNow,422.0,Business Rule Violation: SAP Posting period 09/2026 is closed in company code 1000 [Ref: MSG-47353],2516,0.0,Business error
2026-10-04T05:06:56,Vendor_Remittance_Advice,S4HANA,Banking_API,400.0,Bad Request: JSON schema validation error - missing mandatory field 'KUNNR' in customer payload [Ref: MSG-82692],482,0.0,Validation/Data
2026-10-02T16:18:38,Warehouse_Transfer_Order,S4HANA,WMS_Manhattan,401.0,Unauthorized: Client credentials rejected by SAP Identity Authentication Service (IAS) [Ref: MSG-82512],455,0.0,Authentication/Authorization
2026-10-03T09:05:40,Tax_Calculation_Call,SAP_CPI,TaxEngine_Vertex,503.0,Service Unavailable: Backend connection pool exhausted (max 150 active connections) [Ref: MSG-74032],3209,2.0,Connectivity
2026-10-06T16:10:47,Employee_Onboarding_Event,Workday_HCM,ServiceNow,502.0,Bad Gateway: Connection refused by target SAP S/4HANA host on port 8001 [Ref: MSG-27146],261,2.0,Connectivity
2026-10-06T12:34:02,Order_Create_Inbound,Shopify_Storefront,S4HANA,400.0,Bad Request: JSON schema validation error - missing mandatory field 'KUNNR' in customer payload [Ref: MSG-19862],298,0.0,Validation/Data
2026-10-01T17:23:57,Shipment_Confirmation_EDI,B2B_EDI_Partner,SAP_CPI,400.0,Bad Request: Request payload size 38MB exceeds maximum allowed message limit 10MB [Ref: MSG-26704],212,1.0,Validation/Data
2026-10-06T15:42:06,Employee_Onboarding_Event,Workday_HCM,ServiceNow,500.0,Internal Server Error: SAP ABAP runtime dump 'DYNPRO_NOT_FOUND' in function module /SAPAPO/BAPI [Ref: MSG-37535],6934,0.0,Application/System error
2026-10-02T13:51:51,General_Ledger_Batch_Post,BillingEngine,S4HANA,422.0,Validation Error: Quantity must be a positive integer greater than zero for line item 10 [Ref: MSG-30257],369,0.0,Validation/Data
2026-10-07T21:51:42,Warehouse_Transfer_Order,S4HANA,WMS_Manhattan,504.0,Gateway Timeout: SAP CPI worker exceeded maximum route execution timeout (120s) [Ref: MSG-53540],44799,4.0,Timeout
2026-10-04T09:54:30,Invoice_Post_Out,S4HANA,SAP_CPI,422.0,Business Rule Violation: Material 'MAT-8002' marked for deletion or blocked in plant 1010 [Ref: MSG-24168],1271,0.0,Business error
2026-10-07T15:14:01,Employee_Onboarding_Event,Workday_HCM,ServiceNow,409.0,Business Conflict: Invoice matching failed - PO line item amount mismatch greater than 2% tolerance [Ref: MSG-50001],1121,0.0,Business error
2026-10-04T04:32:25,Order_Create_Inbound,Shopify_Storefront,S4HANA,504.0,Gateway Timeout: HTTP read timeout after 90000ms waiting for Salesforce bulk API response [Ref: MSG-46585],67016,3.0,Timeout
2026-10-03T13:37:16,Customer_Master_Sync,Salesforce_CRM,S4HANA,422.0,Business Error: Insufficient available warehouse stock in bin A-12 for SKU 'ELEC-902' [Ref: MSG-25118],2149,0.0,Business error
2026-10-05T03:32:07,Warehouse_Transfer_Order,S4HANA,WMS_Manhattan,400.0,Bad Request: XML parse exception - mismatched closing tag </itemRecord> at line 48 [Ref: MSG-51114],583,0.0,Validation/Data
2026-10-02T00:59:51,Customer_Master_Sync,Salesforce_CRM,S4HANA,422.0,Unprocessable Entity: Postal code 'XYZ-999' invalid format for destination country 'DE' [Ref: MSG-67154],584,0.0,Validation/Data
2026-10-02T05:58:21,Employee_Onboarding_Event,Workday_HCM,ServiceNow,422.0,Unprocessable Entity: Currency code 'USDD' is not ISO-4217 compliant [Ref: MSG-66531],563,0.0,Validation/Data
2026-10-05T17:42:26,Warehouse_Transfer_Order,S4HANA,WMS_Manhattan,400.0,Bad Request: Invalid date format in delivery_date '2026-31-02' - expected YYYY-MM-DD [Ref: MSG-49363],418,0.0,Validation/Data
2026-10-06T20:43:47,Payment_Status_Update,Payment_Stripe,S4HANA,400.0,Bad Request: Request payload size 38MB exceeds maximum allowed message limit 10MB [Ref: MSG-65108],356,1.0,Validation/Data
2026-10-07T08:19:18,Shipment_Confirmation_EDI,B2B_EDI_Partner,SAP_CPI,422.0,Unprocessable Entity: Postal code 'XYZ-999' invalid format for destination country 'DE' [Ref: MSG-81819],223,0.0,Validation/Data
2026-10-05T05:13:32,Product_Catalog_Export,S4HANA,Salesforce_CRM,422.0,Business Error: Insufficient available warehouse stock in bin A-12 for SKU 'ELEC-902' [Ref: MSG-67905],2459,0.0,Business error
2026-10-06T10:18:32,Warehouse_Transfer_Order,S4HANA,WMS_Manhattan,500.0,HTTP 500: System crash occurred during large batch file processing in middleware worker [Ref: MSG-32241],4555,1.0,Application/System error
2026-10-03T15:51:12,Payment_Status_Update,Payment_Stripe,S4HANA,400.0,Bad Request: Invalid date format in delivery_date '2026-31-02' - expected YYYY-MM-DD [Ref: MSG-98184],388,0.0,Validation/Data
2026-10-04T21:56:40,General_Ledger_Batch_Post,BillingEngine,S4HANA,401.0,OAuth2 token refresh failed: invalid_grant - Refresh token revoked [Ref: MSG-19545],491,1.0,Authentication/Authorization
2026-10-02T12:41:44,Product_Catalog_Export,S4HANA,Salesforce_CRM,422.0,Validation Error: Quantity must be a positive integer greater than zero for line item 10 [Ref: MSG-62383],315,0.0,Validation/Data
2026-10-03T06:33:29,Shipment_Confirmation_EDI,B2B_EDI_Partner,SAP_CPI,400.0,Bad Request: Invalid date format in delivery_date '2026-31-02' - expected YYYY-MM-DD [Ref: MSG-38683],575,0.0,Validation/Data
2026-10-07T22:42:33,Product_Catalog_Export,S4HANA,Salesforce_CRM,502.0,Bad Gateway: SAP Cloud Connector subaccount tunnel 'hana-prd-s4' is offline [Ref: MSG-27477],916,5.0,Connectivity
2026-10-05T01:28:57,General_Ledger_Batch_Post,BillingEngine,S4HANA,400.0,"Bad Request: Header Content-Type 'text/plain' not acceptable, expected 'application/json' [Ref: MSG-76162]",494,0.0,Validation/Data
2026-10-08T04:17:49,Inventory_Adjustment_Feed,WMS_Manhattan,S4HANA,409.0,Business Conflict: Invoice matching failed - PO line item amount mismatch greater than 2% tolerance [Ref: MSG-42406],2016,1.0,Business error
2026-10-02T06:18:15,Inventory_Adjustment_Feed,WMS_Manhattan,S4HANA,504.0,Gateway Timeout: SAP CPI worker exceeded maximum route execution timeout (120s) [Ref: MSG-67654],55323,1.0,Timeout
2026-10-02T20:44:09,Invoice_Post_Out,S4HANA,SAP_CPI,502.0,Bad Gateway: SAP Cloud Connector subaccount tunnel 'hana-prd-s4' is offline [Ref: MSG-29769],1866,3.0,Connectivity
2026-10-04T21:03:13,Employee_Onboarding_Event,Workday_HCM,ServiceNow,403.0,HTTP 403 Forbidden: Insufficient scopes for OAuth token on endpoint /api/v2/orders [Ref: MSG-81121],529,2.0,Authentication/Authorization
2026-10-08T02:24:30,General_Ledger_Batch_Post,BillingEngine,S4HANA,504.0,Gateway Timeout: JDBC query execution timed out in database layer [Ref: MSG-12560],70072,0.0,Timeout
2026-10-07T07:34:51,Shipment_Confirmation_EDI,B2B_EDI_Partner,SAP_CPI,502.0,HTTP 502 Bad Gateway: Network socket prematurely closed by upstream server [Ref: MSG-80545],966,3.0,Connectivity
2026-10-04T08:24:21,Inventory_Adjustment_Feed,WMS_Manhattan,S4HANA,503.0,Service Unavailable: Target endpoint under maintenance window [Ref: MSG-67125],1037,3.0,Connectivity
2026-10-06T01:01:58,Product_Catalog_Export,S4HANA,Salesforce_CRM,422.0,"Business Rule Violation: Credit limit exceeded for customer 'ACME_CORP' (Limit: $50,000, Current Order: $68,000) [Ref: MSG-26728]",1560,0.0,Business error
2026-10-04T12:55:29,Order_Create_Inbound,Shopify_Storefront,S4HANA,400.0,Bad Request: JSON schema validation error - missing mandatory field 'KUNNR' in customer payload [Ref: MSG-94246],440,0.0,Validation/Data
2026-10-03T18:48:56,Payment_Status_Update,Payment_Stripe,S4HANA,503.0,TCP connection reset by peer during TLS handshake with Vertex Tax Engine [Ref: MSG-69598],287,2.0,Connectivity
2026-10-04T08:47:34,Inventory_Adjustment_Feed,WMS_Manhattan,S4HANA,422.0,Validation Error: Quantity must be a positive integer greater than zero for line item 10 [Ref: MSG-20735],463,0.0,Validation/Data
2026-10-08T04:02:48,Vendor_Remittance_Advice,S4HANA,Banking_API,500.0,Internal Server Error: OutOfMemoryError in Java mapping runtime in SAP Integration Suite [Ref: MSG-18993],4252,0.0,Application/System error
2026-10-02T12:30:42,General_Ledger_Batch_Post,BillingEngine,S4HANA,502.0,Bad Gateway: Connection refused by target SAP S/4HANA host on port 8001 [Ref: MSG-29973],602,1.0,Connectivity
2026-10-07T19:10:38,Warehouse_Transfer_Order,S4HANA,WMS_Manhattan,500.0,Internal Server Error: IDoc status 51 - Application document not posted due to database deadlock [Ref: MSG-43586],7258,1.0,Application/System error
2026-10-02T02:01:59,Invoice_Post_Out,S4HANA,SAP_CPI,400.0,Bad Request: Invalid date format in delivery_date '2026-31-02' - expected YYYY-MM-DD [Ref: MSG-50768],452,0.0,Validation/Data
2026-10-02T02:44:53,Shipment_Confirmation_EDI,B2B_EDI_Partner,SAP_CPI,422.0,Validation Error: Quantity must be a positive integer greater than zero for line item 10 [Ref: MSG-35995],369,0.0,Validation/Data
2026-10-07T11:50:36,Vendor_Remittance_Advice,S4HANA,Banking_API,403.0,Forbidden: Client certificate missing or not trusted in SAP CPI Keystore [Ref: MSG-88697],170,2.0,Authentication/Authorization
2026-10-02T00:41:21,Vendor_Remittance_Advice,S4HANA,Banking_API,502.0,HTTP 502 Bad Gateway: Network socket prematurely closed by upstream server [Ref: MSG-58571],1840,0.0,Connectivity
2026-10-04T04:57:53,Order_Create_Inbound,Shopify_Storefront,S4HANA,408.0,Request Timeout: Client connection dropped before request payload was fully received [Ref: MSG-66822],52872,2.0,Timeout
2026-10-06T16:39:51,Warehouse_Transfer_Order,S4HANA,WMS_Manhattan,401.0,HTTP 401 Unauthorized: Invalid API key provided in header x-api-key [Ref: MSG-78386],289,3.0,Authentication/Authorization
2026-10-03T18:54:15,Shipment_Confirmation_EDI,B2B_EDI_Partner,SAP_CPI,409.0,Business Conflict: Invoice matching failed - PO line item amount mismatch greater than 2% tolerance [Ref: MSG-87656],2349,1.0,Business error
2026-10-06T03:42:24,Payment_Status_Update,Payment_Stripe,S4HANA,401.0,OAuth2 token refresh failed: invalid_grant - Refresh token revoked [Ref: MSG-70910],389,0.0,Authentication/Authorization
2026-10-02T19:51:16,Invoice_Post_Out,S4HANA,SAP_CPI,504.0,Gateway Timeout: HTTP read timeout after 90000ms waiting for Salesforce bulk API response [Ref: MSG-73904],57053,2.0,Timeout
2026-10-05T14:05:15,Tax_Calculation_Call,SAP_CPI,TaxEngine_Vertex,422.0,Business Rule Violation: Material 'MAT-8002' marked for deletion or blocked in plant 1010 [Ref: MSG-11330],2107,0.0,Business error
2026-10-07T06:31:28,Payment_Status_Update,Payment_Stripe,S4HANA,504.0,Gateway Timeout: JDBC query execution timed out in database layer [Ref: MSG-72402],66456,3.0,Timeout
2026-10-04T05:37:23,Shipment_Confirmation_EDI,B2B_EDI_Partner,SAP_CPI,401.0,SAP RFC logon rejected: Technical communication user 'RFC_CPI_COMM' is locked [Ref: MSG-41890],466,1.0,Authentication/Authorization
2026-10-03T19:44:29,Warehouse_Transfer_Order,S4HANA,WMS_Manhattan,408.0,Request Timeout: Client connection dropped before request payload was fully received [Ref: MSG-82140],54469,1.0,Timeout
2026-10-03T11:47:34,Warehouse_Transfer_Order,S4HANA,WMS_Manhattan,502.0,Bad Gateway: SAP Cloud Connector subaccount tunnel 'hana-prd-s4' is offline [Ref: MSG-35242],460,5.0,Connectivity
2026-10-04T07:37:48,Payment_Status_Update,Payment_Stripe,S4HANA,422.0,Unprocessable Entity: Currency code 'USDD' is not ISO-4217 compliant [Ref: MSG-73464],400,0.0,Validation/Data
2026-10-02T19:11:19,Payment_Status_Update,Payment_Stripe,S4HANA,502.0,Bad Gateway: SAP Cloud Connector subaccount tunnel 'hana-prd-s4' is offline [Ref: MSG-48829],818,0.0,Connectivity
2026-10-05T17:44:08,Customer_Master_Sync,Salesforce_CRM,S4HANA,504.0,Gateway Timeout: HTTP read timeout after 90000ms waiting for Salesforce bulk API response [Ref: MSG-17146],69441,3.0,Timeout
2026-10-03T23:30:28,Customer_Master_Sync,Salesforce_CRM,S4HANA,400.0,Bad Request: Invalid date format in delivery_date '2026-31-02' - expected YYYY-MM-DD [Ref: MSG-85243],489,0.0,Validation/Data
2026-10-07T10:25:31,Product_Catalog_Export,S4HANA,Salesforce_CRM,500.0,Internal Server Error: SAP enqueue server lock table overflow (transaction SM12) [Ref: MSG-24953],5012,0.0,Application/System error
2026-10-08T02:19:05,Invoice_Post_Out,S4HANA,SAP_CPI,400.0,Bad Request: JSON schema validation error - missing mandatory field 'KUNNR' in customer payload [Ref: MSG-29555],414,1.0,Validation/Data
2026-10-08T03:14:49,General_Ledger_Batch_Post,BillingEngine,S4HANA,403.0,HTTP 403 Forbidden: Insufficient scopes for OAuth token on endpoint /api/v2/orders [Ref: MSG-88135],180,1.0,Authentication/Authorization
2026-10-04T17:36:39,Inventory_Adjustment_Feed,WMS_Manhattan,S4HANA,408.0,Request Timeout: Client connection dropped before request payload was fully received [Ref: MSG-87139],58690,0.0,Timeout
2026-10-02T16:42:05,Payment_Status_Update,Payment_Stripe,S4HANA,500.0,Internal Server Error: SAP ABAP runtime dump 'DYNPRO_NOT_FOUND' in function module /SAPAPO/BAPI [Ref: MSG-91987],4143,0.0,Application/System error
2026-10-04T22:44:38,Invoice_Post_Out,S4HANA,SAP_CPI,401.0,Unauthorized: Client credentials rejected by SAP Identity Authentication Service (IAS) [Ref: MSG-10350],253,1.0,Authentication/Authorization
2026-10-06T22:04:43,Warehouse_Transfer_Order,S4HANA,WMS_Manhattan,403.0,Forbidden: Client certificate missing or not trusted in SAP CPI Keystore [Ref: MSG-47056],330,0.0,Authentication/Authorization
2026-10-05T15:41:09,Shipment_Confirmation_EDI,B2B_EDI_Partner,SAP_CPI,503.0,Service Unavailable: Target endpoint under maintenance window [Ref: MSG-25043],1027,4.0,Connectivity
2026-10-07T17:38:47,Customer_Master_Sync,Salesforce_CRM,S4HANA,409.0,Conflict: Concurrency version conflict updating Customer Master record 'CUST-10492' [Ref: MSG-31747],2042,1.0,Business error
2026-10-06T17:44:25,Order_Create_Inbound,Shopify_Storefront,S4HANA,500.0,Internal Server Error: IDoc status 51 - Application document not posted due to database deadlock [Ref: MSG-71433],2642,3.0,Application/System error
2026-10-05T09:56:27,Product_Catalog_Export,S4HANA,Salesforce_CRM,408.0,Request Timeout: Client connection dropped before request payload was fully received [Ref: MSG-20543],86059,3.0,Timeout
2026-10-07T02:37:01,Order_Create_Inbound,Shopify_Storefront,S4HANA,400.0,Bad Request: JSON schema validation error - missing mandatory field 'KUNNR' in customer payload [Ref: MSG-40005],447,1.0,Validation/Data
2026-10-07T13:30:33,General_Ledger_Batch_Post,BillingEngine,S4HANA,422.0,Unprocessable Entity: Postal code 'XYZ-999' invalid format for destination country 'DE' [Ref: MSG-15273],198,0.0,Validation/Data
2026-10-06T23:05:30,General_Ledger_Batch_Post,BillingEngine,S4HANA,500.0,Internal Server Error: OutOfMemoryError in Java mapping runtime in SAP Integration Suite [Ref: MSG-67132],2318,0.0,Application/System error
2026-10-05T06:31:18,Invoice_Post_Out,S4HANA,SAP_CPI,502.0,Bad Gateway: SAP Cloud Connector subaccount tunnel 'hana-prd-s4' is offline [Ref: MSG-53228],195,3.0,Connectivity
2026-10-04T10:20:16,Tax_Calculation_Call,SAP_CPI,TaxEngine_Vertex,504.0,Gateway Timeout: JDBC query execution timed out in database layer [Ref: MSG-14809],50111,2.0,Timeout
2026-10-07T01:29:26,Tax_Calculation_Call,SAP_CPI,TaxEngine_Vertex,500.0,Internal Server Error: IDoc status 51 - Application document not posted due to database deadlock [Ref: MSG-10150],5150,0.0,Application/System error
2026-10-04T09:13:17,Product_Catalog_Export,S4HANA,Salesforce_CRM,408.0,HTTP 408 Request Timeout: Socket read timed out after 45000ms waiting for WMS response [Ref: MSG-91973],101948,2.0,Timeout
2026-10-01T08:40:38,Warehouse_Transfer_Order,S4HANA,WMS_Manhattan,500.0,Internal Server Error: IDoc status 51 - Application document not posted due to database deadlock [Ref: MSG-73532],4519,2.0,Application/System error
2026-10-05T21:05:14,Tax_Calculation_Call,SAP_CPI,TaxEngine_Vertex,422.0,Unprocessable Entity: Postal code 'XYZ-999' invalid format for destination country 'DE' [Ref: MSG-11792],495,1.0,Validation/Data
2026-10-07T12:31:59,Order_Create_Inbound,Shopify_Storefront,S4HANA,500.0,Internal Server Error: IDoc status 51 - Application document not posted due to database deadlock [Ref: MSG-94896],4913,2.0,Application/System error
2026-10-04T15:29:35,Shipment_Confirmation_EDI,B2B_EDI_Partner,SAP_CPI,504.0,Gateway Timeout: HTTP read timeout after 90000ms waiting for Salesforce bulk API response [Ref: MSG-73242],47469,1.0,Timeout
2026-10-07T21:21:59,Order_Create_Inbound,Shopify_Storefront,S4HANA,502.0,Proxy Error: DNS lookup failed for internal host erp.corp.internal [Ref: MSG-46208],5242,3.0,Connectivity
2026-10-08T02:37:42,Inventory_Adjustment_Feed,WMS_Manhattan,S4HANA,502.0,Bad Gateway: Connection refused by target SAP S/4HANA host on port 8001 [Ref: MSG-49132],482,2.0,Connectivity
2026-10-06T01:24:29,Employee_Onboarding_Event,Workday_HCM,ServiceNow,401.0,OAuth2 token refresh failed: invalid_grant - Refresh token revoked [Ref: MSG-53573],487,3.0,Authentication/Authorization
2026-10-02T21:02:20,General_Ledger_Batch_Post,BillingEngine,S4HANA,422.0,Business Rule Violation: SAP Posting period 09/2026 is closed in company code 1000 [Ref: MSG-60196],2251,0.0,Business error
2026-10-08T04:09:31,Shipment_Confirmation_EDI,B2B_EDI_Partner,SAP_CPI,422.0,Validation Error: Quantity must be a positive integer greater than zero for line item 10 [Ref: MSG-96991],568,1.0,Validation/Data
2026-10-02T00:58:29,Order_Create_Inbound,Shopify_Storefront,S4HANA,403.0,Forbidden: User lacks authorization for BAPI_SALESORDER_CREATEFROMDAT2 in S4HANA [Ref: MSG-67711],240,0.0,Authentication/Authorization
2026-10-07T16:21:39,Order_Create_Inbound,Shopify_Storefront,S4HANA,401.0,HTTP 401 Unauthorized: Invalid API key provided in header x-api-key [Ref: MSG-71537],518,1.0,Authentication/Authorization
2026-10-04T18:40:45,Vendor_Remittance_Advice,S4HANA,Banking_API,400.0,Bad Request: XML parse exception - mismatched closing tag </itemRecord> at line 48 [Ref: MSG-79942],239,0.0,Validation/Data
2026-10-01T15:40:43,Customer_Master_Sync,Salesforce_CRM,S4HANA,408.0,HTTP 408 Request Timeout: Socket read timed out after 45000ms waiting for WMS response [Ref: MSG-90931],73802,4.0,Timeout
2026-10-08T04:45:55,Shipment_Confirmation_EDI,B2B_EDI_Partner,SAP_CPI,599.0,Unrecognized vendor response code 9999 from legacy gateway [Ref: MSG-22903],10476,0.0,Unknown
2026-10-03T09:18:22,Customer_Master_Sync,Salesforce_CRM,S4HANA,403.0,Forbidden: Client certificate missing or not trusted in SAP CPI Keystore [Ref: MSG-16028],231,0.0,Authentication/Authorization
2026-10-07T13:10:11,General_Ledger_Batch_Post,BillingEngine,S4HANA,403.0,HTTP 403 Forbidden: Insufficient scopes for OAuth token on endpoint /api/v2/orders [Ref: MSG-99364],282,0.0,Authentication/Authorization
2026-10-02T15:29:40,Product_Catalog_Export,S4HANA,Salesforce_CRM,422.0,Business Rule Violation: SAP Posting period 09/2026 is closed in company code 1000 [Ref: MSG-86435],1859,0.0,Business error
2026-10-07T01:10:04,Product_Catalog_Export,S4HANA,Salesforce_CRM,502.0,Bad Gateway: Connection refused by target SAP S/4HANA host on port 8001 [Ref: MSG-47700],1508,2.0,Connectivity
2026-10-06T16:29:54,Vendor_Remittance_Advice,S4HANA,Banking_API,503.0,Service Unavailable: Backend connection pool exhausted (max 150 active connections) [Ref: MSG-65615],170,2.0,Connectivity
2026-10-05T02:22:36,Order_Create_Inbound,Shopify_Storefront,S4HANA,499.0,Client closed connection with unmapped upstream exception [Ref: MSG-41091],3741,0.0,Unknown
2026-10-03T08:36:55,Vendor_Remittance_Advice,S4HANA,Banking_API,400.0,Bad Request: JSON schema validation error - missing mandatory field 'KUNNR' in customer payload [Ref: MSG-61879],217,0.0,Validation/Data
2026-10-07T17:49:51,General_Ledger_Batch_Post,BillingEngine,S4HANA,400.0,Bad Request: JSON schema validation error - missing mandatory field 'KUNNR' in customer payload [Ref: MSG-75107],460,0.0,Validation/Data
2026-10-05T16:43:48,Vendor_Remittance_Advice,S4HANA,Banking_API,422.0,Business Rule Violation: SAP Posting period 09/2026 is closed in company code 1000 [Ref: MSG-34920],1162,0.0,Business error
2026-10-07T04:02:19,Vendor_Remittance_Advice,S4HANA,Banking_API,400.0,Bad Request: Request payload size 38MB exceeds maximum allowed message limit 10MB [Ref: MSG-22735],521,0.0,Validation/Data
2026-10-01T17:20:47,Warehouse_Transfer_Order,S4HANA,WMS_Manhattan,403.0,Forbidden: User lacks authorization for BAPI_SALESORDER_CREATEFROMDAT2 in S4HANA [Ref: MSG-27224],239,1.0,Authentication/Authorization
2026-10-03T13:16:58,Tax_Calculation_Call,SAP_CPI,TaxEngine_Vertex,503.0,TCP connection reset by peer during TLS handshake with Vertex Tax Engine [Ref: MSG-75771],3462,3.0,Connectivity
2026-10-07T11:29:04,Inventory_Adjustment_Feed,WMS_Manhattan,S4HANA,504.0,Gateway Timeout: JDBC query execution timed out in database layer [Ref: MSG-54396],88249,1.0,Timeout
2026-10-05T01:23:05,Vendor_Remittance_Advice,S4HANA,Banking_API,500.0,HTTP 500: System crash occurred during large batch file processing in middleware worker [Ref: MSG-98395],4029,2.0,Application/System error
2026-10-07T07:43:16,Product_Catalog_Export,S4HANA,Salesforce_CRM,401.0,Unauthorized: Client credentials rejected by SAP Identity Authentication Service (IAS) [Ref: MSG-58311],243,1.0,Authentication/Authorization
2026-10-02T23:01:39,Order_Create_Inbound,Shopify_Storefront,S4HANA,422.0,Business Error: Insufficient available warehouse stock in bin A-12 for SKU 'ELEC-902' [Ref: MSG-98452],1585,1.0,Business error
2026-10-06T22:58:44,Vendor_Remittance_Advice,S4HANA,Banking_API,422.0,Unprocessable Entity: Currency code 'USDD' is not ISO-4217 compliant [Ref: MSG-18285],533,0.0,Validation/Data
2026-10-03T23:07:06,Customer_Master_Sync,Salesforce_CRM,S4HANA,504.0,Gateway Timeout: SAP CPI worker exceeded maximum route execution timeout (120s) [Ref: MSG-14877],80657,1.0,Timeout
2026-10-07T07:44:34,Product_Catalog_Export,S4HANA,Salesforce_CRM,408.0,Request Timeout: Client connection dropped before request payload was fully received [Ref: MSG-58629],72896,2.0,Timeout
2026-10-01T23:39:26,Shipment_Confirmation_EDI,B2B_EDI_Partner,SAP_CPI,400.0,Bad Request: Request payload size 38MB exceeds maximum allowed message limit 10MB [Ref: MSG-95841],654,1.0,Validation/Data
2026-10-04T15:54:23,Payment_Status_Update,Payment_Stripe,S4HANA,503.0,TCP connection reset by peer during TLS handshake with Vertex Tax Engine [Ref: MSG-68115],482,0.0,Connectivity
2026-10-03T14:07:54,Customer_Master_Sync,Salesforce_CRM,S4HANA,400.0,Bad Request: XML parse exception - mismatched closing tag </itemRecord> at line 48 [Ref: MSG-62184],830,0.0,Validation/Data
2026-10-05T08:03:50,Vendor_Remittance_Advice,S4HANA,Banking_API,401.0,SAP RFC logon rejected: Technical communication user 'RFC_CPI_COMM' is locked [Ref: MSG-93819],381,0.0,Authentication/Authorization
2026-10-03T02:13:52,Order_Create_Inbound,Shopify_Storefront,S4HANA,999.0,General anomaly detected: undefined status without protocol description [Ref: MSG-82641],6954,2.0,Unknown
2026-10-03T12:08:34,General_Ledger_Batch_Post,BillingEngine,S4HANA,502.0,Proxy Error: DNS lookup failed for internal host erp.corp.internal [Ref: MSG-10371],646,1.0,Connectivity
2026-10-03T15:37:20,Invoice_Post_Out,S4HANA,SAP_CPI,401.0,Unauthorized: Bearer token expired or invalid JWT signature during OAuth handshake [Ref: MSG-11947],505,0.0,Authentication/Authorization
2026-10-05T11:47:04,Warehouse_Transfer_Order,S4HANA,WMS_Manhattan,502.0,Proxy Error: DNS lookup failed for internal host erp.corp.internal [Ref: MSG-65176],2878,2.0,Connectivity
2026-10-03T03:02:46,Product_Catalog_Export,S4HANA,Salesforce_CRM,409.0,Conflict: Concurrency version conflict updating Customer Master record 'CUST-10492' [Ref: MSG-76039],1279,1.0,Business error
2026-10-01T09:30:54,Product_Catalog_Export,S4HANA,Salesforce_CRM,422.0,Business Rule Violation: Material 'MAT-8002' marked for deletion or blocked in plant 1010 [Ref: MSG-94323],1950,0.0,Business error
2026-10-01T10:20:38,Warehouse_Transfer_Order,S4HANA,WMS_Manhattan,400.0,"Bad Request: Header Content-Type 'text/plain' not acceptable, expected 'application/json' [Ref: MSG-68138]",501,0.0,Validation/Data
2026-10-05T17:29:32,Shipment_Confirmation_EDI,B2B_EDI_Partner,SAP_CPI,403.0,Forbidden: User lacks authorization for BAPI_SALESORDER_CREATEFROMDAT2 in S4HANA [Ref: MSG-88301],268,1.0,Authentication/Authorization
2026-10-08T01:46:55,Vendor_Remittance_Advice,S4HANA,Banking_API,401.0,Unauthorized: Client credentials rejected by SAP Identity Authentication Service (IAS) [Ref: MSG-95316],377,0.0,Authentication/Authorization
2026-10-07T22:25:26,Shipment_Confirmation_EDI,B2B_EDI_Partner,SAP_CPI,504.0,Gateway Timeout: SAP CPI worker exceeded maximum route execution timeout (120s) [Ref: MSG-54424],69396,3.0,Timeout
2026-10-03T12:43:59,Vendor_Remittance_Advice,S4HANA,Banking_API,503.0,TCP connection reset by peer during TLS handshake with Vertex Tax Engine [Ref: MSG-43408],156,2.0,Connectivity
2026-10-02T07:47:23,Order_Create_Inbound,Shopify_Storefront,S4HANA,401.0,Unauthorized: Client credentials rejected by SAP Identity Authentication Service (IAS) [Ref: MSG-66606],264,2.0,Authentication/Authorization
2026-10-04T19:55:42,Vendor_Remittance_Advice,S4HANA,Banking_API,400.0,Bad Request: XML parse exception - mismatched closing tag </itemRecord> at line 48 [Ref: MSG-26021],476,1.0,Validation/Data
2026-10-05T17:22:06,Customer_Master_Sync,Salesforce_CRM,S4HANA,504.0,Timeout: Target system did not respond within configured timeout of 30000ms [Ref: MSG-47700],46747,2.0,Timeout
2026-10-04T01:23:07,Payment_Status_Update,Payment_Stripe,S4HANA,503.0,Service Unavailable: Circuit breaker open for downstream payment service [Ref: MSG-24184],1562,3.0,Connectivity
2026-10-06T05:41:35,Tax_Calculation_Call,SAP_CPI,TaxEngine_Vertex,422.0,Validation Error: Quantity must be a positive integer greater than zero for line item 10 [Ref: MSG-91490],271,0.0,Validation/Data
2026-10-01T13:17:44,Warehouse_Transfer_Order,S4HANA,WMS_Manhattan,500.0,HTTP 500: System crash occurred during large batch file processing in middleware worker [Ref: MSG-45054],6641,2.0,Application/System error
2026-10-07T12:36:42,Customer_Master_Sync,Salesforce_CRM,S4HANA,500.0,Internal Server Error: SAP enqueue server lock table overflow (transaction SM12) [Ref: MSG-33777],2563,1.0,Application/System error
2026-10-02T20:26:29,Order_Create_Inbound,Shopify_Storefront,S4HANA,401.0,Unauthorized: Bearer token expired or invalid JWT signature during OAuth handshake [Ref: MSG-79531],444,0.0,Authentication/Authorization
2026-10-01T09:09:10,General_Ledger_Batch_Post,BillingEngine,S4HANA,503.0,TCP connection reset by peer during TLS handshake with Vertex Tax Engine [Ref: MSG-88148],622,3.0,Connectivity
2026-10-06T21:31:38,Inventory_Adjustment_Feed,WMS_Manhattan,S4HANA,401.0,Unauthorized: Client credentials rejected by SAP Identity Authentication Service (IAS) [Ref: MSG-68079],442,1.0,Authentication/Authorization
2026-10-01T17:43:43,Employee_Onboarding_Event,Workday_HCM,ServiceNow,502.0,Bad Gateway: SAP Cloud Connector subaccount tunnel 'hana-prd-s4' is offline [Ref: MSG-66349],2420,2.0,Connectivity
2026-10-05T03:03:00,Customer_Master_Sync,Salesforce_CRM,S4HANA,504.0,Gateway Timeout: HTTP read timeout after 90000ms waiting for Salesforce bulk API response [Ref: MSG-38903],84025,1.0,Timeout
2026-10-03T18:07:00,Invoice_Post_Out,S4HANA,SAP_CPI,500.0,HTTP 500: System crash occurred during large batch file processing in middleware worker [Ref: MSG-43491],7055,1.0,Application/System error
2026-10-06T15:32:35,Shipment_Confirmation_EDI,B2B_EDI_Partner,SAP_CPI,504.0,Gateway Timeout: SAP CPI worker exceeded maximum route execution timeout (120s) [Ref: MSG-79806],93451,3.0,Timeout
2026-10-04T08:29:58,Shipment_Confirmation_EDI,B2B_EDI_Partner,SAP_CPI,409.0,Conflict: Concurrency version conflict updating Customer Master record 'CUST-10492' [Ref: MSG-15544],1652,0.0,Business error
2026-10-07T04:26:18,General_Ledger_Batch_Post,BillingEngine,S4HANA,502.0,HTTP 502 Bad Gateway: Network socket prematurely closed by upstream server [Ref: MSG-63008],519,1.0,Connectivity
2026-10-05T06:58:23,Invoice_Post_Out,S4HANA,SAP_CPI,403.0,Forbidden: User lacks authorization for BAPI_SALESORDER_CREATEFROMDAT2 in S4HANA [Ref: MSG-91018],259,0.0,Authentication/Authorization
2026-10-05T00:05:25,Shipment_Confirmation_EDI,B2B_EDI_Partner,SAP_CPI,422.0,Business Rule Violation: SAP Posting period 09/2026 is closed in company code 1000 [Ref: MSG-87184],2327,1.0,Business error
2026-10-02T00:40:07,Employee_Onboarding_Event,Workday_HCM,ServiceNow,422.0,Unprocessable Entity: Currency code 'USDD' is not ISO-4217 compliant [Ref: MSG-32037],414,0.0,Validation/Data
2026-10-07T12:15:06,Employee_Onboarding_Event,Workday_HCM,ServiceNow,503.0,TCP connection reset by peer during TLS handshake with Vertex Tax Engine [Ref: MSG-94599],1346,1.0,Connectivity
2026-10-03T04:31:29,Vendor_Remittance_Advice,S4HANA,Banking_API,502.0,Proxy Error: DNS lookup failed for internal host erp.corp.internal [Ref: MSG-19876],2050,3.0,Connectivity
2026-10-07T04:39:20,Vendor_Remittance_Advice,S4HANA,Banking_API,400.0,"Bad Request: Header Content-Type 'text/plain' not acceptable, expected 'application/json' [Ref: MSG-83989]",860,0.0,Validation/Data
2026-10-04T22:40:19,Product_Catalog_Export,S4HANA,Salesforce_CRM,400.0,Bad Request: Request payload size 38MB exceeds maximum allowed message limit 10MB [Ref: MSG-18950],464,0.0,Validation/Data
2026-10-03T22:28:02,Tax_Calculation_Call,SAP_CPI,TaxEngine_Vertex,400.0,Bad Request: XML parse exception - mismatched closing tag </itemRecord> at line 48 [Ref: MSG-19724],239,0.0,Validation/Data
2026-10-06T03:32:24,Vendor_Remittance_Advice,S4HANA,Banking_API,409.0,Conflict: Concurrency version conflict updating Customer Master record 'CUST-10492' [Ref: MSG-21835],1779,0.0,Business error
2026-10-06T14:20:38,Product_Catalog_Export,S4HANA,Salesforce_CRM,400.0,Bad Request: JSON schema validation error - missing mandatory field 'KUNNR' in customer payload [Ref: MSG-84928],305,0.0,Validation/Data
2026-10-07T18:45:05,Product_Catalog_Export,S4HANA,Salesforce_CRM,401.0,Unauthorized: Bearer token expired or invalid JWT signature during OAuth handshake [Ref: MSG-23566],467,1.0,Authentication/Authorization
2026-10-05T00:33:39,Warehouse_Transfer_Order,S4HANA,WMS_Manhattan,401.0,SAP RFC logon rejected: Technical communication user 'RFC_CPI_COMM' is locked [Ref: MSG-67377],355,0.0,Authentication/Authorization
2026-10-07T18:43:38,Shipment_Confirmation_EDI,B2B_EDI_Partner,SAP_CPI,503.0,Service Unavailable: Backend connection pool exhausted (max 150 active connections) [Ref: MSG-63578],383,0.0,Connectivity
2026-10-02T01:43:24,Order_Create_Inbound,Shopify_Storefront,S4HANA,400.0,Bad Request: XML parse exception - mismatched closing tag </itemRecord> at line 48 [Ref: MSG-53213],429,0.0,Validation/Data
2026-10-06T05:09:58,Employee_Onboarding_Event,Workday_HCM,ServiceNow,400.0,Bad Request: Request payload size 38MB exceeds maximum allowed message limit 10MB [Ref: MSG-20682],416,0.0,Validation/Data
2026-10-03T03:45:05,Vendor_Remittance_Advice,S4HANA,Banking_API,500.0,Internal Server Error: Database transaction rollback triggered by unhandled exception [Ref: MSG-61374],6785,0.0,Application/System error
2026-10-07T07:43:58,Invoice_Post_Out,S4HANA,SAP_CPI,503.0,TCP connection reset by peer during TLS handshake with Vertex Tax Engine [Ref: MSG-97833],168,2.0,Connectivity
2026-10-01T19:19:11,Tax_Calculation_Call,SAP_CPI,TaxEngine_Vertex,422.0,Validation Error: Quantity must be a positive integer greater than zero for line item 10 [Ref: MSG-57425],431,1.0,Validation/Data
2026-10-02T12:04:18,Payment_Status_Update,Payment_Stripe,S4HANA,503.0,Service Unavailable: Circuit breaker open for downstream payment service [Ref: MSG-39693],4231,3.0,Connectivity
2026-10-08T03:08:38,Vendor_Remittance_Advice,S4HANA,Banking_API,401.0,Unauthorized: Bearer token expired or invalid JWT signature during OAuth handshake [Ref: MSG-54140],438,0.0,Authentication/Authorization
2026-10-01T21:23:43,Warehouse_Transfer_Order,S4HANA,WMS_Manhattan,401.0,HTTP 401 Unauthorized: Invalid API key provided in header x-api-key [Ref: MSG-67366],248,2.0,Authentication/Authorization
2026-10-03T01:15:19,Inventory_Adjustment_Feed,WMS_Manhattan,S4HANA,500.0,Internal Server Error: NullPointerException in custom Groovy script step 'TransformOrder.groovy' line 42 [Ref: MSG-68841],1212,3.0,Application/System error
2026-10-05T22:29:49,Employee_Onboarding_Event,Workday_HCM,ServiceNow,422.0,Business Rule Violation: SAP Posting period 09/2026 is closed in company code 1000 [Ref: MSG-98907],1532,0.0,Business error
2026-10-07T14:51:38,Shipment_Confirmation_EDI,B2B_EDI_Partner,SAP_CPI,408.0,HTTP 408 Request Timeout: Socket read timed out after 45000ms waiting for WMS response [Ref: MSG-31241],77845,1.0,Timeout
2026-10-02T06:54:33,Employee_Onboarding_Event,Workday_HCM,ServiceNow,503.0,Service Unavailable: Circuit breaker open for downstream payment service [Ref: MSG-82684],372,4.0,Connectivity
2026-10-05T12:53:27,Inventory_Adjustment_Feed,WMS_Manhattan,S4HANA,502.0,Proxy Error: DNS lookup failed for internal host erp.corp.internal [Ref: MSG-68893],1126,0.0,Connectivity
2026-10-01T21:03:25,Product_Catalog_Export,S4HANA,Salesforce_CRM,500.0,HTTP 500: System crash occurred during large batch file processing in middleware worker [Ref: MSG-55820],5432,1.0,Application/System error
2026-10-01T18:59:06,Employee_Onboarding_Event,Workday_HCM,ServiceNow,502.0,Bad Gateway: SAP Cloud Connector subaccount tunnel 'hana-prd-s4' is offline [Ref: MSG-39430],1162,3.0,Connectivity
2026-10-03T23:44:53,Invoice_Post_Out,S4HANA,SAP_CPI,400.0,Bad Request: Request payload size 38MB exceeds maximum allowed message limit 10MB [Ref: MSG-15020],507,0.0,Validation/Data
2026-10-01T08:16:13,General_Ledger_Batch_Post,BillingEngine,S4HANA,400.0,"Bad Request: Header Content-Type 'text/plain' not acceptable, expected 'application/json' [Ref: MSG-10688]",484,0.0,Validation/Data
2026-10-02T17:07:03,Order_Create_Inbound,Shopify_Storefront,S4HANA,422.0,Validation Error: Quantity must be a positive integer greater than zero for line item 10 [Ref: MSG-47762],328,0.0,Validation/Data
2026-10-07T23:38:34,Order_Create_Inbound,Shopify_Storefront,S4HANA,400.0,"Bad Request: Header Content-Type 'text/plain' not acceptable, expected 'application/json' [Ref: MSG-24530]",608,0.0,Validation/Data
2026-10-03T21:00:39,Warehouse_Transfer_Order,S4HANA,WMS_Manhattan,504.0,Gateway Timeout: SAP CPI worker exceeded maximum route execution timeout (120s) [Ref: MSG-28818],65770,2.0,Timeout
2026-10-02T00:23:04,Vendor_Remittance_Advice,S4HANA,Banking_API,400.0,Bad Request: Request payload size 38MB exceeds maximum allowed message limit 10MB [Ref: MSG-97584],580,1.0,Validation/Data
2026-10-02T04:24:23,Shipment_Confirmation_EDI,B2B_EDI_Partner,SAP_CPI,400.0,Bad Request: JSON schema validation error - missing mandatory field 'KUNNR' in customer payload [Ref: MSG-71621],609,0.0,Validation/Data
2026-10-07T05:40:06,Employee_Onboarding_Event,Workday_HCM,ServiceNow,401.0,Unauthorized: Client credentials rejected by SAP Identity Authentication Service (IAS) [Ref: MSG-41604],234,2.0,Authentication/Authorization
2026-10-04T01:21:52,Invoice_Post_Out,S4HANA,SAP_CPI,400.0,Bad Request: XML parse exception - mismatched closing tag </itemRecord> at line 48 [Ref: MSG-15811],657,0.0,Validation/Data
2026-10-06T13:51:08,Warehouse_Transfer_Order,S4HANA,WMS_Manhattan,409.0,Business Conflict: Invoice matching failed - PO line item amount mismatch greater than 2% tolerance [Ref: MSG-72722],2343,0.0,Business error
2026-10-02T09:50:12,Customer_Master_Sync,Salesforce_CRM,S4HANA,409.0,Business Conflict: Invoice matching failed - PO line item amount mismatch greater than 2% tolerance [Ref: MSG-48462],1437,1.0,Business error
2026-10-08T01:30:16,Tax_Calculation_Call,SAP_CPI,TaxEngine_Vertex,503.0,Service Unavailable: Backend connection pool exhausted (max 150 active connections) [Ref: MSG-62196],2143,0.0,Connectivity
2026-10-08T04:21:17,Employee_Onboarding_Event,Workday_HCM,ServiceNow,422.0,Unprocessable Entity: Postal code 'XYZ-999' invalid format for destination country 'DE' [Ref: MSG-16265],527,0.0,Validation/Data
2026-10-04T18:11:31,Warehouse_Transfer_Order,S4HANA,WMS_Manhattan,502.0,HTTP 502 Bad Gateway: Network socket prematurely closed by upstream server [Ref: MSG-67637],2071,3.0,Connectivity
2026-10-01T21:38:52,Order_Create_Inbound,Shopify_Storefront,S4HANA,503.0,Service Unavailable: Backend connection pool exhausted (max 150 active connections) [Ref: MSG-65640],1409,1.0,Connectivity
2026-10-06T17:19:28,Order_Create_Inbound,Shopify_Storefront,S4HANA,502.0,Bad Gateway: SAP Cloud Connector subaccount tunnel 'hana-prd-s4' is offline [Ref: MSG-52981],1602,3.0,Connectivity
2026-10-04T09:46:55,Product_Catalog_Export,S4HANA,Salesforce_CRM,504.0,Timeout: Target system did not respond within configured timeout of 30000ms [Ref: MSG-56077],122790,4.0,Timeout
2026-10-07T09:04:42,Inventory_Adjustment_Feed,WMS_Manhattan,S4HANA,422.0,Validation Error: Quantity must be a positive integer greater than zero for line item 10 [Ref: MSG-93816],484,0.0,Validation/Data
2026-10-08T03:43:50,Customer_Master_Sync,Salesforce_CRM,S4HANA,502.0,Proxy Error: DNS lookup failed for internal host erp.corp.internal [Ref: MSG-28714],644,2.0,Connectivity
2026-10-03T20:36:02,Vendor_Remittance_Advice,S4HANA,Banking_API,401.0,SAP RFC logon rejected: Technical communication user 'RFC_CPI_COMM' is locked [Ref: MSG-58015],371,1.0,Authentication/Authorization
2026-10-07T10:36:08,Employee_Onboarding_Event,Workday_HCM,ServiceNow,400.0,Bad Request: XML parse exception - mismatched closing tag </itemRecord> at line 48 [Ref: MSG-68188],334,0.0,Validation/Data
2026-10-01T08:47:11,Inventory_Adjustment_Feed,WMS_Manhattan,S4HANA,504.0,Timeout: Target system did not respond within configured timeout of 30000ms [Ref: MSG-42717],61447,2.0,Timeout
2026-10-07T16:45:28,Order_Create_Inbound,Shopify_Storefront,S4HANA,408.0,HTTP 408 Request Timeout: Socket read timed out after 45000ms waiting for WMS response [Ref: MSG-44311],57719,1.0,Timeout
2026-10-02T10:28:11,Payment_Status_Update,Payment_Stripe,S4HANA,400.0,"Bad Request: Header Content-Type 'text/plain' not acceptable, expected 'application/json' [Ref: MSG-26074]",462,0.0,Validation/Data
2026-10-06T19:45:04,Vendor_Remittance_Advice,S4HANA,Banking_API,504.0,Gateway Timeout: Upstream SAP S/4HANA took longer than 60000ms to respond to BAPI call [Ref: MSG-51889],99719,2.0,Timeout
2026-10-02T19:32:14,Invoice_Post_Out,S4HANA,SAP_CPI,503.0,Service Unavailable: Backend connection pool exhausted (max 150 active connections) [Ref: MSG-93584],555,1.0,Connectivity
2026-10-01T19:35:36,Payment_Status_Update,Payment_Stripe,S4HANA,502.0,Proxy Error: DNS lookup failed for internal host erp.corp.internal [Ref: MSG-74752],1222,2.0,Connectivity
2026-10-01T17:25:45,General_Ledger_Batch_Post,BillingEngine,S4HANA,422.0,"Business Rule Violation: Credit limit exceeded for customer 'ACME_CORP' (Limit: $50,000, Current Order: $68,000) [Ref: MSG-21300]",679,0.0,Business error
2026-10-01T12:20:41,Shipment_Confirmation_EDI,B2B_EDI_Partner,SAP_CPI,504.0,Gateway Timeout: JDBC query execution timed out in database layer [Ref: MSG-85353],57921,0.0,Timeout
2026-10-08T01:40:37,Employee_Onboarding_Event,Workday_HCM,ServiceNow,408.0,HTTP 408 Request Timeout: Socket read timed out after 45000ms waiting for WMS response [Ref: MSG-26821],81334,1.0,Timeout
2026-10-07T11:33:09,Tax_Calculation_Call,SAP_CPI,TaxEngine_Vertex,500.0,Internal Server Error: IDoc status 51 - Application document not posted due to database deadlock [Ref: MSG-17263],5160,0.0,Application/System error
2026-10-03T10:16:12,Employee_Onboarding_Event,Workday_HCM,ServiceNow,401.0,SAP RFC logon rejected: Technical communication user 'RFC_CPI_COMM' is locked [Ref: MSG-78012],220,1.0,Authentication/Authorization
2026-10-06T01:05:32,Vendor_Remittance_Advice,S4HANA,Banking_API,400.0,Bad Request: Request payload size 38MB exceeds maximum allowed message limit 10MB [Ref: MSG-49691],342,0.0,Validation/Data
2026-10-06T07:57:38,Invoice_Post_Out,S4HANA,SAP_CPI,400.0,Bad Request: Request payload size 38MB exceeds maximum allowed message limit 10MB [Ref: MSG-96341],551,0.0,Validation/Data
2026-10-02T04:49:36,Customer_Master_Sync,Salesforce_CRM,S4HANA,500.0,Internal Server Error: SAP ABAP runtime dump 'DYNPRO_NOT_FOUND' in function module /SAPAPO/BAPI [Ref: MSG-20646],3174,0.0,Application/System error
2026-10-01T23:56:40,General_Ledger_Batch_Post,BillingEngine,S4HANA,502.0,HTTP 502 Bad Gateway: Network socket prematurely closed by upstream server [Ref: MSG-93753],213,2.0,Connectivity
2026-10-08T05:25:19,Product_Catalog_Export,S4HANA,Salesforce_CRM,422.0,Unprocessable Entity: Postal code 'XYZ-999' invalid format for destination country 'DE' [Ref: MSG-42096],482,0.0,Validation/Data
2026-10-04T22:13:21,Product_Catalog_Export,S4HANA,Salesforce_CRM,400.0,Bad Request: Request payload size 38MB exceeds maximum allowed message limit 10MB [Ref: MSG-64476],808,0.0,Validation/Data
2026-10-04T12:48:23,Warehouse_Transfer_Order,S4HANA,WMS_Manhattan,503.0,TCP connection reset by peer during TLS handshake with Vertex Tax Engine [Ref: MSG-55268],1367,2.0,Connectivity
2026-10-03T22:15:09,Product_Catalog_Export,S4HANA,Salesforce_CRM,401.0,SAP RFC logon rejected: Technical communication user 'RFC_CPI_COMM' is locked [Ref: MSG-26059],571,0.0,Authentication/Authorization
2026-10-02T13:52:20,General_Ledger_Batch_Post,BillingEngine,S4HANA,502.0,HTTP 502 Bad Gateway: Network socket prematurely closed by upstream server [Ref: MSG-64805],1703,4.0,Connectivity
2026-10-05T22:31:56,Invoice_Post_Out,S4HANA,SAP_CPI,422.0,Unprocessable Entity: Currency code 'USDD' is not ISO-4217 compliant [Ref: MSG-75308],452,0.0,Validation/Data
2026-10-02T14:37:22,Tax_Calculation_Call,SAP_CPI,TaxEngine_Vertex,403.0,HTTP 403 Forbidden: Insufficient scopes for OAuth token on endpoint /api/v2/orders [Ref: MSG-69930],403,0.0,Authentication/Authorization
2026-10-01T11:27:08,Inventory_Adjustment_Feed,WMS_Manhattan,S4HANA,503.0,Service Unavailable: Circuit breaker open for downstream payment service [Ref: MSG-80345],618,4.0,Connectivity
2026-10-04T09:36:35,Employee_Onboarding_Event,Workday_HCM,ServiceNow,422.0,Validation Error: Quantity must be a positive integer greater than zero for line item 10 [Ref: MSG-15930],350,0.0,Validation/Data
2026-10-05T01:17:52,Shipment_Confirmation_EDI,B2B_EDI_Partner,SAP_CPI,400.0,Bad Request: Invalid date format in delivery_date '2026-31-02' - expected YYYY-MM-DD [Ref: MSG-76093],577,1.0,Validation/Data
2026-10-04T19:50:21,Invoice_Post_Out,S4HANA,SAP_CPI,400.0,Bad Request: Invalid date format in delivery_date '2026-31-02' - expected YYYY-MM-DD [Ref: MSG-22672],331,0.0,Validation/Data
2026-10-05T20:32:02,Payment_Status_Update,Payment_Stripe,S4HANA,502.0,Proxy Error: DNS lookup failed for internal host erp.corp.internal [Ref: MSG-88966],180,0.0,Connectivity
2026-10-04T12:38:57,Product_Catalog_Export,S4HANA,Salesforce_CRM,403.0,Forbidden: User lacks authorization for BAPI_SALESORDER_CREATEFROMDAT2 in S4HANA [Ref: MSG-78069],336,1.0,Authentication/Authorization
2026-10-06T07:53:19,Invoice_Post_Out,S4HANA,SAP_CPI,503.0,TCP connection reset by peer during TLS handshake with Vertex Tax Engine [Ref: MSG-61505],4094,2.0,Connectivity
2026-10-07T02:19:30,Tax_Calculation_Call,SAP_CPI,TaxEngine_Vertex,408.0,HTTP 408 Request Timeout: Socket read timed out after 45000ms waiting for WMS response [Ref: MSG-74205],72574,3.0,Timeout
2026-10-04T07:55:44,Shipment_Confirmation_EDI,B2B_EDI_Partner,SAP_CPI,502.0,Bad Gateway: SAP Cloud Connector subaccount tunnel 'hana-prd-s4' is offline [Ref: MSG-86507],781,3.0,Connectivity
2026-10-05T15:46:03,Vendor_Remittance_Advice,S4HANA,Banking_API,422.0,Unprocessable Entity: Postal code 'XYZ-999' invalid format for destination country 'DE' [Ref: MSG-85821],579,0.0,Validation/Data
2026-10-02T09:36:44,Invoice_Post_Out,S4HANA,SAP_CPI,403.0,HTTP 403 Forbidden: Insufficient scopes for OAuth token on endpoint /api/v2/orders [Ref: MSG-99224],309,0.0,Authentication/Authorization
2026-10-05T06:13:26,Shipment_Confirmation_EDI,B2B_EDI_Partner,SAP_CPI,403.0,Forbidden: User lacks authorization for BAPI_SALESORDER_CREATEFROMDAT2 in S4HANA [Ref: MSG-29848],311,1.0,Authentication/Authorization
2026-10-06T12:33:13,Warehouse_Transfer_Order,S4HANA,WMS_Manhattan,400.0,"Bad Request: Header Content-Type 'text/plain' not acceptable, expected 'application/json' [Ref: MSG-18163]",497,0.0,Validation/Data
2026-10-03T13:29:58,Tax_Calculation_Call,SAP_CPI,TaxEngine_Vertex,499.0,Client closed connection with unmapped upstream exception [Ref: MSG-59391],969,1.0,Unknown
2026-10-02T15:17:35,General_Ledger_Batch_Post,BillingEngine,S4HANA,422.0,Unprocessable Entity: Postal code 'XYZ-999' invalid format for destination country 'DE' [Ref: MSG-73462],591,0.0,Validation/Data
2026-10-07T06:31:20,Inventory_Adjustment_Feed,WMS_Manhattan,S4HANA,500.0,Internal Server Error: SAP enqueue server lock table overflow (transaction SM12) [Ref: MSG-37168],8166,1.0,Application/System error
2026-10-06T05:34:24,Inventory_Adjustment_Feed,WMS_Manhattan,S4HANA,422.0,Unprocessable Entity: Postal code 'XYZ-999' invalid format for destination country 'DE' [Ref: MSG-25974],506,0.0,Validation/Data
2026-10-01T17:45:05,Invoice_Post_Out,S4HANA,SAP_CPI,504.0,Gateway Timeout: HTTP read timeout after 90000ms waiting for Salesforce bulk API response [Ref: MSG-48070],89770,2.0,Timeout
2026-10-02T14:52:34,Warehouse_Transfer_Order,S4HANA,WMS_Manhattan,504.0,Gateway Timeout: HTTP read timeout after 90000ms waiting for Salesforce bulk API response [Ref: MSG-72793],45097,1.0,Timeout
2026-10-06T07:37:15,Invoice_Post_Out,S4HANA,SAP_CPI,422.0,Unprocessable Entity: Postal code 'XYZ-999' invalid format for destination country 'DE' [Ref: MSG-24316],726,0.0,Validation/Data
2026-10-01T11:26:21,Vendor_Remittance_Advice,S4HANA,Banking_API,422.0,Unprocessable Entity: Currency code 'USDD' is not ISO-4217 compliant [Ref: MSG-40518],340,0.0,Validation/Data
2026-10-02T21:41:59,Customer_Master_Sync,Salesforce_CRM,S4HANA,401.0,HTTP 401 Unauthorized: Invalid API key provided in header x-api-key [Ref: MSG-82135],196,2.0,Authentication/Authorization
2026-10-03T17:41:03,Payment_Status_Update,Payment_Stripe,S4HANA,504.0,Timeout: Target system did not respond within configured timeout of 30000ms [Ref: MSG-47649],61439,4.0,Timeout
2026-10-02T21:56:53,Tax_Calculation_Call,SAP_CPI,TaxEngine_Vertex,401.0,SAP RFC logon rejected: Technical communication user 'RFC_CPI_COMM' is locked [Ref: MSG-14888],574,0.0,Authentication/Authorization
2026-10-03T07:55:59,Shipment_Confirmation_EDI,B2B_EDI_Partner,SAP_CPI,500.0,HTTP 500: System crash occurred during large batch file processing in middleware worker [Ref: MSG-74930],4951,0.0,Application/System error
2026-10-01T18:18:29,General_Ledger_Batch_Post,BillingEngine,S4HANA,403.0,Forbidden: Client certificate missing or not trusted in SAP CPI Keystore [Ref: MSG-89007],238,3.0,Authentication/Authorization
2026-10-04T16:12:51,Invoice_Post_Out,S4HANA,SAP_CPI,400.0,"Bad Request: Header Content-Type 'text/plain' not acceptable, expected 'application/json' [Ref: MSG-76088]",255,0.0,Validation/Data
2026-10-06T13:00:47,Vendor_Remittance_Advice,S4HANA,Banking_API,401.0,OAuth2 token refresh failed: invalid_grant - Refresh token revoked [Ref: MSG-43720],337,0.0,Authentication/Authorization
2026-10-08T04:57:25,Invoice_Post_Out,S4HANA,SAP_CPI,503.0,Service Unavailable: Target endpoint under maintenance window [Ref: MSG-90079],832,3.0,Connectivity
2026-10-01T13:08:30,Shipment_Confirmation_EDI,B2B_EDI_Partner,SAP_CPI,504.0,Gateway Timeout: Upstream SAP S/4HANA took longer than 60000ms to respond to BAPI call [Ref: MSG-97720],89486,2.0,Timeout
2026-10-04T16:21:19,Shipment_Confirmation_EDI,B2B_EDI_Partner,SAP_CPI,503.0,Service Unavailable: Backend connection pool exhausted (max 150 active connections) [Ref: MSG-40870],1359,2.0,Connectivity
2026-10-06T15:03:42,Vendor_Remittance_Advice,S4HANA,Banking_API,422.0,Unprocessable Entity: Postal code 'XYZ-999' invalid format for destination country 'DE' [Ref: MSG-57127],235,0.0,Validation/Data
2026-10-06T17:44:07,Vendor_Remittance_Advice,S4HANA,Banking_API,502.0,HTTP 502 Bad Gateway: Network socket prematurely closed by upstream server [Ref: MSG-75866],205,3.0,Connectivity
2026-10-02T12:30:09,General_Ledger_Batch_Post,BillingEngine,S4HANA,500.0,Internal Server Error: SAP enqueue server lock table overflow (transaction SM12) [Ref: MSG-38947],8603,1.0,Application/System error
2026-10-05T01:51:42,Shipment_Confirmation_EDI,B2B_EDI_Partner,SAP_CPI,0.0,Raw socket disconnect with unknown termination reason [Ref: MSG-81989],1410,2.0,Unknown
2026-10-06T06:23:04,Tax_Calculation_Call,SAP_CPI,TaxEngine_Vertex,409.0,Conflict: Concurrency version conflict updating Customer Master record 'CUST-10492' [Ref: MSG-68556],2497,1.0,Business error
2026-10-02T13:20:54,General_Ledger_Batch_Post,BillingEngine,S4HANA,401.0,SAP RFC logon rejected: Technical communication user 'RFC_CPI_COMM' is locked [Ref: MSG-80341],351,1.0,Authentication/Authorization
2026-10-04T10:57:32,Warehouse_Transfer_Order,S4HANA,WMS_Manhattan,401.0,SAP RFC logon rejected: Technical communication user 'RFC_CPI_COMM' is locked [Ref: MSG-86434],232,1.0,Authentication/Authorization
2026-10-05T02:03:35,Tax_Calculation_Call,SAP_CPI,TaxEngine_Vertex,401.0,HTTP 401 Unauthorized: Invalid API key provided in header x-api-key [Ref: MSG-64450],405,1.0,Authentication/Authorization
2026-10-07T08:47:13,Shipment_Confirmation_EDI,B2B_EDI_Partner,SAP_CPI,409.0,Conflict: Duplicate document error - Purchase Order 'PO-98231' already exists in S/4HANA [Ref: MSG-43352],1919,0.0,Business error
2026-10-05T09:59:57,Warehouse_Transfer_Order,S4HANA,WMS_Manhattan,403.0,Forbidden: User lacks authorization for BAPI_SALESORDER_CREATEFROMDAT2 in S4HANA [Ref: MSG-18357],277,0.0,Authentication/Authorization
2026-10-02T12:49:41,Inventory_Adjustment_Feed,WMS_Manhattan,S4HANA,500.0,Internal Server Error: SAP ABAP runtime dump 'DYNPRO_NOT_FOUND' in function module /SAPAPO/BAPI [Ref: MSG-63591],5174,3.0,Application/System error
2026-10-04T20:24:05,Employee_Onboarding_Event,Workday_HCM,ServiceNow,422.0,Validation Error: Quantity must be a positive integer greater than zero for line item 10 [Ref: MSG-60132],392,0.0,Validation/Data
2026-10-01T13:34:25,Vendor_Remittance_Advice,S4HANA,Banking_API,400.0,Bad Request: Request payload size 38MB exceeds maximum allowed message limit 10MB [Ref: MSG-55582],467,0.0,Validation/Data
2026-10-03T22:43:46,Customer_Master_Sync,Salesforce_CRM,S4HANA,422.0,Unprocessable Entity: Currency code 'USDD' is not ISO-4217 compliant [Ref: MSG-12979],549,0.0,Validation/Data
2026-10-04T19:09:17,Payment_Status_Update,Payment_Stripe,S4HANA,504.0,Gateway Timeout: JDBC query execution timed out in database layer [Ref: MSG-42441],88790,1.0,Timeout
2026-10-05T03:49:59,Customer_Master_Sync,Salesforce_CRM,S4HANA,409.0,Conflict: Concurrency version conflict updating Customer Master record 'CUST-10492' [Ref: MSG-96533],1057,1.0,Business error
2026-10-05T09:28:38,Order_Create_Inbound,Shopify_Storefront,S4HANA,401.0,SAP RFC logon rejected: Technical communication user 'RFC_CPI_COMM' is locked [Ref: MSG-23224],605,1.0,Authentication/Authorization
2026-10-04T22:14:34,Warehouse_Transfer_Order,S4HANA,WMS_Manhattan,422.0,Business Rule Violation: SAP Posting period 09/2026 is closed in company code 1000 [Ref: MSG-15798],628,0.0,Business error
2026-10-03T15:52:58,Invoice_Post_Out,S4HANA,SAP_CPI,409.0,Conflict: Duplicate document error - Purchase Order 'PO-98231' already exists in S/4HANA [Ref: MSG-76046],1708,0.0,Business error
2026-10-03T05:33:14,Payment_Status_Update,Payment_Stripe,S4HANA,503.0,TCP connection reset by peer during TLS handshake with Vertex Tax Engine [Ref: MSG-49552],4048,2.0,Connectivity
2026-10-05T01:31:03,Vendor_Remittance_Advice,S4HANA,Banking_API,502.0,Proxy Error: DNS lookup failed for internal host erp.corp.internal [Ref: MSG-98965],2979,5.0,Connectivity
2026-10-04T06:26:26,Shipment_Confirmation_EDI,B2B_EDI_Partner,SAP_CPI,500.0,Internal Server Error: Database transaction rollback triggered by unhandled exception [Ref: MSG-78742],6470,0.0,Application/System error
2026-10-04T06:09:51,Payment_Status_Update,Payment_Stripe,S4HANA,503.0,Service Unavailable: Circuit breaker open for downstream payment service [Ref: MSG-39536],411,2.0,Connectivity
2026-10-05T12:24:15,Shipment_Confirmation_EDI,B2B_EDI_Partner,SAP_CPI,403.0,HTTP 403 Forbidden: Insufficient scopes for OAuth token on endpoint /api/v2/orders [Ref: MSG-83044],291,0.0,Authentication/Authorization
2026-10-02T01:46:53,Product_Catalog_Export,S4HANA,Salesforce_CRM,502.0,Bad Gateway: SAP Cloud Connector subaccount tunnel 'hana-prd-s4' is offline [Ref: MSG-58637],610,1.0,Connectivity
2026-10-08T02:46:42,Order_Create_Inbound,Shopify_Storefront,S4HANA,502.0,Bad Gateway: Connection refused by target SAP S/4HANA host on port 8001 [Ref: MSG-34662],2386,2.0,Connectivity
2026-10-01T14:59:12,Employee_Onboarding_Event,Workday_HCM,ServiceNow,504.0,Gateway Timeout: JDBC query execution timed out in database layer [Ref: MSG-49739],68113,5.0,Timeout
2026-10-06T14:25:58,Payment_Status_Update,Payment_Stripe,S4HANA,401.0,OAuth2 token refresh failed: invalid_grant - Refresh token revoked [Ref: MSG-89220],275,0.0,Authentication/Authorization
2026-10-06T04:22:19,Shipment_Confirmation_EDI,B2B_EDI_Partner,SAP_CPI,503.0,Service Unavailable: Backend connection pool exhausted (max 150 active connections) [Ref: MSG-71112],1581,1.0,Connectivity
2026-10-08T07:30:48,Product_Catalog_Export,S4HANA,Salesforce_CRM,408.0,Request Timeout: Client connection dropped before request payload was fully received [Ref: MSG-22924],59667,3.0,Timeout
2026-10-02T02:55:14,Employee_Onboarding_Event,Workday_HCM,ServiceNow,500.0,Internal Server Error: SAP enqueue server lock table overflow (transaction SM12) [Ref: MSG-64254],7248,2.0,Application/System error
2026-10-02T18:14:24,Inventory_Adjustment_Feed,WMS_Manhattan,S4HANA,403.0,HTTP 403 Forbidden: Insufficient scopes for OAuth token on endpoint /api/v2/orders [Ref: MSG-29976],386,1.0,Authentication/Authorization
2026-10-07T04:47:31,Inventory_Adjustment_Feed,WMS_Manhattan,S4HANA,503.0,TCP connection reset by peer during TLS handshake with Vertex Tax Engine [Ref: MSG-74044],1743,2.0,Connectivity
2026-10-07T01:31:11,Invoice_Post_Out,S4HANA,SAP_CPI,400.0,Bad Request: XML parse exception - mismatched closing tag </itemRecord> at line 48 [Ref: MSG-28344],355,1.0,Validation/Data
2026-10-07T10:52:42,Tax_Calculation_Call,SAP_CPI,TaxEngine_Vertex,400.0,Bad Request: JSON schema validation error - missing mandatory field 'KUNNR' in customer payload [Ref: MSG-14433],581,0.0,Validation/Data
2026-10-02T06:09:00,Vendor_Remittance_Advice,S4HANA,Banking_API,401.0,HTTP 401 Unauthorized: Invalid API key provided in header x-api-key [Ref: MSG-40334],416,0.0,Authentication/Authorization
2026-10-07T03:58:30,General_Ledger_Batch_Post,BillingEngine,S4HANA,504.0,Gateway Timeout: Upstream SAP S/4HANA took longer than 60000ms to respond to BAPI call [Ref: MSG-93588],54348,3.0,Timeout
2026-10-06T07:17:34,Customer_Master_Sync,Salesforce_CRM,S4HANA,403.0,HTTP 403 Forbidden: Insufficient scopes for OAuth token on endpoint /api/v2/orders [Ref: MSG-12192],135,3.0,Authentication/Authorization
2026-10-02T00:09:15,Invoice_Post_Out,S4HANA,SAP_CPI,403.0,HTTP 403 Forbidden: Insufficient scopes for OAuth token on endpoint /api/v2/orders [Ref: MSG-24026],203,0.0,Authentication/Authorization
2026-10-07T20:05:23,Employee_Onboarding_Event,Workday_HCM,ServiceNow,504.0,Gateway Timeout: JDBC query execution timed out in database layer [Ref: MSG-45038],54961,5.0,Timeout
2026-10-04T05:52:54,Warehouse_Transfer_Order,S4HANA,WMS_Manhattan,504.0,Gateway Timeout: SAP CPI worker exceeded maximum route execution timeout (120s) [Ref: MSG-39603],82429,0.0,Timeout
2026-10-04T20:35:30,Order_Create_Inbound,Shopify_Storefront,S4HANA,599.0,Unrecognized vendor response code 9999 from legacy gateway [Ref: MSG-63120],8882,0.0,Unknown
2026-10-07T21:41:50,Order_Create_Inbound,Shopify_Storefront,S4HANA,401.0,HTTP 401 Unauthorized: Invalid API key provided in header x-api-key [Ref: MSG-75517],297,0.0,Authentication/Authorization
2026-10-02T14:57:55,Tax_Calculation_Call,SAP_CPI,TaxEngine_Vertex,500.0,Internal Server Error: SAP ABAP runtime dump 'DYNPRO_NOT_FOUND' in function module /SAPAPO/BAPI [Ref: MSG-15577],3980,1.0,Application/System error
2026-10-06T16:57:34,Customer_Master_Sync,Salesforce_CRM,S4HANA,422.0,Unprocessable Entity: Postal code 'XYZ-999' invalid format for destination country 'DE' [Ref: MSG-19744],489,0.0,Validation/Data
2026-10-05T12:48:52,Customer_Master_Sync,Salesforce_CRM,S4HANA,403.0,Forbidden: User lacks authorization for BAPI_SALESORDER_CREATEFROMDAT2 in S4HANA [Ref: MSG-37152],351,2.0,Authentication/Authorization
2026-10-05T15:36:53,Inventory_Adjustment_Feed,WMS_Manhattan,S4HANA,504.0,Gateway Timeout: Upstream SAP S/4HANA took longer than 60000ms to respond to BAPI call [Ref: MSG-31292],78964,3.0,Timeout
2026-10-08T06:46:05,Shipment_Confirmation_EDI,B2B_EDI_Partner,SAP_CPI,400.0,Bad Request: XML parse exception - mismatched closing tag </itemRecord> at line 48 [Ref: MSG-28343],371,0.0,Validation/Data
2026-10-02T10:21:38,Order_Create_Inbound,Shopify_Storefront,S4HANA,500.0,Internal Server Error: SAP ABAP runtime dump 'DYNPRO_NOT_FOUND' in function module /SAPAPO/BAPI [Ref: MSG-67290],7372,2.0,Application/System error
2026-10-06T16:50:28,Employee_Onboarding_Event,Workday_HCM,ServiceNow,500.0,Internal Server Error: IDoc status 51 - Application document not posted due to database deadlock [Ref: MSG-13883],4401,1.0,Application/System error
2026-10-07T02:42:24,Shipment_Confirmation_EDI,B2B_EDI_Partner,SAP_CPI,502.0,HTTP 502 Bad Gateway: Network socket prematurely closed by upstream server [Ref: MSG-34345],163,0.0,Connectivity
2026-10-01T16:09:24,Warehouse_Transfer_Order,S4HANA,WMS_Manhattan,422.0,Unprocessable Entity: Currency code 'USDD' is not ISO-4217 compliant [Ref: MSG-19634],578,0.0,Validation/Data
2026-10-01T10:00:19,Employee_Onboarding_Event,Workday_HCM,ServiceNow,422.0,Validation Error: Quantity must be a positive integer greater than zero for line item 10 [Ref: MSG-57277],498,0.0,Validation/Data
2026-10-02T21:28:35,Invoice_Post_Out,S4HANA,SAP_CPI,409.0,Conflict: Concurrency version conflict updating Customer Master record 'CUST-10492' [Ref: MSG-21442],1721,0.0,Business error
2026-10-05T10:38:38,Order_Create_Inbound,Shopify_Storefront,S4HANA,504.0,Gateway Timeout: Upstream SAP S/4HANA took longer than 60000ms to respond to BAPI call [Ref: MSG-56388],66454,3.0,Timeout
2026-10-04T10:46:57,Inventory_Adjustment_Feed,WMS_Manhattan,S4HANA,409.0,Conflict: Duplicate document error - Purchase Order 'PO-98231' already exists in S/4HANA [Ref: MSG-64238],2157,0.0,Business error
2026-10-03T05:24:10,General_Ledger_Batch_Post,BillingEngine,S4HANA,999.0,General anomaly detected: undefined status without protocol description [Ref: MSG-78302],2954,0.0,Unknown
2026-10-02T21:17:26,Invoice_Post_Out,S4HANA,SAP_CPI,503.0,Service Unavailable: Circuit breaker open for downstream payment service [Ref: MSG-18292],566,1.0,Connectivity
2026-10-07T04:31:38,Inventory_Adjustment_Feed,WMS_Manhattan,S4HANA,422.0,Business Error: Insufficient available warehouse stock in bin A-12 for SKU 'ELEC-902' [Ref: MSG-42321],3055,0.0,Business error
2026-10-04T18:53:39,Inventory_Adjustment_Feed,WMS_Manhattan,S4HANA,504.0,Gateway Timeout: SAP CPI worker exceeded maximum route execution timeout (120s) [Ref: MSG-10887],83073,2.0,Timeout
2026-10-08T04:38:08,Employee_Onboarding_Event,Workday_HCM,ServiceNow,409.0,Business Conflict: Invoice matching failed - PO line item amount mismatch greater than 2% tolerance [Ref: MSG-66441],1082,0.0,Business error
2026-10-02T20:20:18,Product_Catalog_Export,S4HANA,Salesforce_CRM,422.0,Unprocessable Entity: Currency code 'USDD' is not ISO-4217 compliant [Ref: MSG-51180],565,0.0,Validation/Data
2026-10-03T20:23:07,Employee_Onboarding_Event,Workday_HCM,ServiceNow,422.0,Unprocessable Entity: Currency code 'USDD' is not ISO-4217 compliant [Ref: MSG-59290],550,1.0,Validation/Data
2026-10-02T07:29:45,Vendor_Remittance_Advice,S4HANA,Banking_API,502.0,Proxy Error: DNS lookup failed for internal host erp.corp.internal [Ref: MSG-82102],2020,1.0,Connectivity
2026-10-04T12:40:19,Shipment_Confirmation_EDI,B2B_EDI_Partner,SAP_CPI,409.0,Conflict: Concurrency version conflict updating Customer Master record 'CUST-10492' [Ref: MSG-98208],1792,0.0,Business error
2026-10-05T03:30:37,Shipment_Confirmation_EDI,B2B_EDI_Partner,SAP_CPI,422.0,Validation Error: Quantity must be a positive integer greater than zero for line item 10 [Ref: MSG-19694],315,0.0,Validation/Data
2026-10-05T09:50:23,Warehouse_Transfer_Order,S4HANA,WMS_Manhattan,504.0,Gateway Timeout: JDBC query execution timed out in database layer [Ref: MSG-64827],66137,3.0,Timeout
2026-10-07T05:22:10,Order_Create_Inbound,Shopify_Storefront,S4HANA,409.0,Conflict: Concurrency version conflict updating Customer Master record 'CUST-10492' [Ref: MSG-42536],1393,0.0,Business error
2026-10-01T08:06:16,Employee_Onboarding_Event,Workday_HCM,ServiceNow,403.0,HTTP 403 Forbidden: Insufficient scopes for OAuth token on endpoint /api/v2/orders [Ref: MSG-66420],467,0.0,Authentication/Authorization
2026-10-04T22:49:43,Product_Catalog_Export,S4HANA,Salesforce_CRM,422.0,Unprocessable Entity: Currency code 'USDD' is not ISO-4217 compliant [Ref: MSG-59036],427,0.0,Validation/Data
2026-10-01T17:26:58,Customer_Master_Sync,Salesforce_CRM,S4HANA,504.0,Gateway Timeout: HTTP read timeout after 90000ms waiting for Salesforce bulk API response [Ref: MSG-73277],52617,5.0,Timeout
2026-10-03T22:50:13,Employee_Onboarding_Event,Workday_HCM,ServiceNow,401.0,HTTP 401 Unauthorized: Invalid API key provided in header x-api-key [Ref: MSG-50880],311,1.0,Authentication/Authorization
2026-10-03T10:19:02,Product_Catalog_Export,S4HANA,Salesforce_CRM,502.0,Bad Gateway: SAP Cloud Connector subaccount tunnel 'hana-prd-s4' is offline [Ref: MSG-69303],335,3.0,Connectivity
2026-10-06T13:59:47,Vendor_Remittance_Advice,S4HANA,Banking_API,403.0,Forbidden: User lacks authorization for BAPI_SALESORDER_CREATEFROMDAT2 in S4HANA [Ref: MSG-24334],423,0.0,Authentication/Authorization
2026-10-04T22:14:51,Employee_Onboarding_Event,Workday_HCM,ServiceNow,401.0,HTTP 401 Unauthorized: Invalid API key provided in header x-api-key [Ref: MSG-83380],512,1.0,Authentication/Authorization
2026-10-07T03:56:12,Shipment_Confirmation_EDI,B2B_EDI_Partner,SAP_CPI,502.0,HTTP 502 Bad Gateway: Network socket prematurely closed by upstream server [Ref: MSG-13826],277,2.0,Connectivity
2026-10-02T16:48:45,Warehouse_Transfer_Order,S4HANA,WMS_Manhattan,504.0,Gateway Timeout: Upstream SAP S/4HANA took longer than 60000ms to respond to BAPI call [Ref: MSG-38153],68674,3.0,Timeout
2026-10-03T18:12:29,Tax_Calculation_Call,SAP_CPI,TaxEngine_Vertex,401.0,Unauthorized: Client credentials rejected by SAP Identity Authentication Service (IAS) [Ref: MSG-34505],289,0.0,Authentication/Authorization
2026-10-04T03:24:39,Tax_Calculation_Call,SAP_CPI,TaxEngine_Vertex,400.0,"Bad Request: Header Content-Type 'text/plain' not acceptable, expected 'application/json' [Ref: MSG-93769]",379,0.0,Validation/Data
2026-10-03T05:45:51,Product_Catalog_Export,S4HANA,Salesforce_CRM,403.0,Forbidden: User lacks authorization for BAPI_SALESORDER_CREATEFROMDAT2 in S4HANA [Ref: MSG-90918],377,0.0,Authentication/Authorization
2026-10-03T11:15:19,Vendor_Remittance_Advice,S4HANA,Banking_API,400.0,Bad Request: Invalid date format in delivery_date '2026-31-02' - expected YYYY-MM-DD [Ref: MSG-27556],232,0.0,Validation/Data
2026-10-05T03:08:36,Tax_Calculation_Call,SAP_CPI,TaxEngine_Vertex,502.0,Proxy Error: DNS lookup failed for internal host erp.corp.internal [Ref: MSG-60916],2160,2.0,Connectivity
2026-10-04T17:08:11,Tax_Calculation_Call,SAP_CPI,TaxEngine_Vertex,502.0,Proxy Error: DNS lookup failed for internal host erp.corp.internal [Ref: MSG-31871],3680,2.0,Connectivity
2026-10-04T12:12:52,Employee_Onboarding_Event,Workday_HCM,ServiceNow,504.0,Gateway Timeout: Upstream SAP S/4HANA took longer than 60000ms to respond to BAPI call [Ref: MSG-11256],43888,2.0,Timeout
2026-10-04T21:45:53,Shipment_Confirmation_EDI,B2B_EDI_Partner,SAP_CPI,400.0,"Bad Request: Header Content-Type 'text/plain' not acceptable, expected 'application/json' [Ref: MSG-99744]",342,0.0,Validation/Data
2026-10-01T16:14:34,Payment_Status_Update,Payment_Stripe,S4HANA,401.0,Unauthorized: Bearer token expired or invalid JWT signature during OAuth handshake [Ref: MSG-48284],324,0.0,Authentication/Authorization
2026-10-02T02:07:17,Tax_Calculation_Call,SAP_CPI,TaxEngine_Vertex,409.0,Business Conflict: Invoice matching failed - PO line item amount mismatch greater than 2% tolerance [Ref: MSG-76952],1986,1.0,Business error
2026-10-08T07:28:34,Tax_Calculation_Call,SAP_CPI,TaxEngine_Vertex,422.0,Business Error: Insufficient available warehouse stock in bin A-12 for SKU 'ELEC-902' [Ref: MSG-15453],2685,0.0,Business error
2026-10-03T09:28:16,Vendor_Remittance_Advice,S4HANA,Banking_API,504.0,Timeout: Target system did not respond within configured timeout of 30000ms [Ref: MSG-42444],77864,2.0,Timeout
2026-10-03T07:37:44,Order_Create_Inbound,Shopify_Storefront,S4HANA,409.0,Business Conflict: Invoice matching failed - PO line item amount mismatch greater than 2% tolerance [Ref: MSG-41056],1704,0.0,Business error
2026-10-02T14:52:13,Invoice_Post_Out,S4HANA,SAP_CPI,422.0,Validation Error: Quantity must be a positive integer greater than zero for line item 10 [Ref: MSG-90760],447,0.0,Validation/Data
2026-10-02T18:45:18,General_Ledger_Batch_Post,BillingEngine,S4HANA,422.0,Unprocessable Entity: Postal code 'XYZ-999' invalid format for destination country 'DE' [Ref: MSG-80617],299,0.0,Validation/Data
2026-10-01T16:55:41,Invoice_Post_Out,S4HANA,SAP_CPI,502.0,Bad Gateway: SAP Cloud Connector subaccount tunnel 'hana-prd-s4' is offline [Ref: MSG-63948],163,1.0,Connectivity
2026-10-07T15:48:53,Invoice_Post_Out,S4HANA,SAP_CPI,422.0,Business Rule Violation: SAP Posting period 09/2026 is closed in company code 1000 [Ref: MSG-52217],1390,0.0,Business error
2026-10-06T21:24:28,Vendor_Remittance_Advice,S4HANA,Banking_API,408.0,HTTP 408 Request Timeout: Socket read timed out after 45000ms waiting for WMS response [Ref: MSG-45221],64277,0.0,Timeout
2026-10-06T16:44:59,Shipment_Confirmation_EDI,B2B_EDI_Partner,SAP_CPI,409.0,Conflict: Concurrency version conflict updating Customer Master record 'CUST-10492' [Ref: MSG-77582],2562,1.0,Business error
2026-10-02T07:05:46,Employee_Onboarding_Event,Workday_HCM,ServiceNow,408.0,Request Timeout: Client connection dropped before request payload was fully received [Ref: MSG-86278],76562,5.0,Timeout
2026-10-04T14:27:52,Order_Create_Inbound,Shopify_Storefront,S4HANA,400.0,Bad Request: XML parse exception - mismatched closing tag </itemRecord> at line 48 [Ref: MSG-80048],523,0.0,Validation/Data
2026-10-05T12:36:54,Employee_Onboarding_Event,Workday_HCM,ServiceNow,503.0,Service Unavailable: Backend connection pool exhausted (max 150 active connections) [Ref: MSG-81737],713,2.0,Connectivity
2026-10-06T22:01:07,Customer_Master_Sync,Salesforce_CRM,S4HANA,502.0,Bad Gateway: Connection refused by target SAP S/4HANA host on port 8001 [Ref: MSG-23051],553,4.0,Connectivity
2026-10-03T06:58:08,Customer_Master_Sync,Salesforce_CRM,S4HANA,401.0,OAuth2 token refresh failed: invalid_grant - Refresh token revoked [Ref: MSG-66072],360,2.0,Authentication/Authorization
2026-10-03T16:05:23,Order_Create_Inbound,Shopify_Storefront,S4HANA,503.0,Service Unavailable: Backend connection pool exhausted (max 150 active connections) [Ref: MSG-95798],2585,3.0,Connectivity
2026-10-04T07:44:48,Shipment_Confirmation_EDI,B2B_EDI_Partner,SAP_CPI,400.0,Bad Request: JSON schema validation error - missing mandatory field 'KUNNR' in customer payload [Ref: MSG-91999],483,0.0,Validation/Data
2026-10-04T10:08:37,Customer_Master_Sync,Salesforce_CRM,S4HANA,400.0,Bad Request: Invalid date format in delivery_date '2026-31-02' - expected YYYY-MM-DD [Ref: MSG-37973],451,0.0,Validation/Data
2026-10-07T11:55:27,Customer_Master_Sync,Salesforce_CRM,S4HANA,400.0,Bad Request: JSON schema validation error - missing mandatory field 'KUNNR' in customer payload [Ref: MSG-55032],464,0.0,Validation/Data
2026-10-06T11:06:20,Shipment_Confirmation_EDI,B2B_EDI_Partner,SAP_CPI,504.0,Gateway Timeout: SAP CPI worker exceeded maximum route execution timeout (120s) [Ref: MSG-21708],53404,2.0,Timeout
2026-10-06T12:04:33,Invoice_Post_Out,S4HANA,SAP_CPI,502.0,HTTP 502 Bad Gateway: Network socket prematurely closed by upstream server [Ref: MSG-94092],4330,2.0,Connectivity
2026-10-06T14:40:47,Product_Catalog_Export,S4HANA,Salesforce_CRM,400.0,Bad Request: Request payload size 38MB exceeds maximum allowed message limit 10MB [Ref: MSG-56030],791,0.0,Validation/Data
2026-10-01T11:08:48,Product_Catalog_Export,S4HANA,Salesforce_CRM,504.0,Timeout: Target system did not respond within configured timeout of 30000ms [Ref: MSG-38474],71093,1.0,Timeout
2026-10-07T12:15:17,Shipment_Confirmation_EDI,B2B_EDI_Partner,SAP_CPI,400.0,Bad Request: XML parse exception - mismatched closing tag </itemRecord> at line 48 [Ref: MSG-51222],385,0.0,Validation/Data
2026-10-08T05:56:19,Warehouse_Transfer_Order,S4HANA,WMS_Manhattan,503.0,Service Unavailable: Backend connection pool exhausted (max 150 active connections) [Ref: MSG-13515],1335,1.0,Connectivity
2026-10-04T04:03:50,Warehouse_Transfer_Order,S4HANA,WMS_Manhattan,422.0,Unprocessable Entity: Currency code 'USDD' is not ISO-4217 compliant [Ref: MSG-61347],728,0.0,Validation/Data
2026-10-02T23:40:38,Shipment_Confirmation_EDI,B2B_EDI_Partner,SAP_CPI,500.0,Internal Server Error: IDoc status 51 - Application document not posted due to database deadlock [Ref: MSG-24777],7180,0.0,Application/System error
2026-10-02T20:55:53,Employee_Onboarding_Event,Workday_HCM,ServiceNow,409.0,Conflict: Duplicate document error - Purchase Order 'PO-98231' already exists in S/4HANA [Ref: MSG-51480],1910,0.0,Business error
2026-10-02T02:04:00,Product_Catalog_Export,S4HANA,Salesforce_CRM,502.0,Proxy Error: DNS lookup failed for internal host erp.corp.internal [Ref: MSG-19567],205,1.0,Connectivity
2026-10-04T04:45:32,Shipment_Confirmation_EDI,B2B_EDI_Partner,SAP_CPI,401.0,Unauthorized: Bearer token expired or invalid JWT signature during OAuth handshake [Ref: MSG-76402],336,2.0,Authentication/Authorization
2026-10-06T01:39:09,Order_Create_Inbound,Shopify_Storefront,S4HANA,408.0,Request Timeout: Client connection dropped before request payload was fully received [Ref: MSG-93956],79644,1.0,Timeout
2026-10-03T20:37:40,Invoice_Post_Out,S4HANA,SAP_CPI,503.0,Service Unavailable: Target endpoint under maintenance window [Ref: MSG-80305],1311,3.0,Connectivity
2026-10-06T15:03:15,Inventory_Adjustment_Feed,WMS_Manhattan,S4HANA,400.0,Bad Request: Invalid date format in delivery_date '2026-31-02' - expected YYYY-MM-DD [Ref: MSG-67342],324,0.0,Validation/Data
2026-10-01T17:42:47,General_Ledger_Batch_Post,BillingEngine,S4HANA,408.0,Request Timeout: Client connection dropped before request payload was fully received [Ref: MSG-89800],56009,3.0,Timeout
2026-10-06T08:10:31,Warehouse_Transfer_Order,S4HANA,WMS_Manhattan,401.0,Unauthorized: Bearer token expired or invalid JWT signature during OAuth handshake [Ref: MSG-27984],95,3.0,Authentication/Authorization
2026-10-02T19:08:47,Warehouse_Transfer_Order,S4HANA,WMS_Manhattan,504.0,Gateway Timeout: JDBC query execution timed out in database layer [Ref: MSG-43980],57113,3.0,Timeout
2026-10-07T21:17:33,Customer_Master_Sync,Salesforce_CRM,S4HANA,502.0,Bad Gateway: SAP Cloud Connector subaccount tunnel 'hana-prd-s4' is offline [Ref: MSG-53910],1201,0.0,Connectivity
2026-10-05T19:03:31,Product_Catalog_Export,S4HANA,Salesforce_CRM,400.0,Bad Request: Invalid date format in delivery_date '2026-31-02' - expected YYYY-MM-DD [Ref: MSG-69663],163,0.0,Validation/Data
2026-10-06T05:46:07,Inventory_Adjustment_Feed,WMS_Manhattan,S4HANA,401.0,HTTP 401 Unauthorized: Invalid API key provided in header x-api-key [Ref: MSG-23487],393,0.0,Authentication/Authorization
2026-10-01T23:23:24,Customer_Master_Sync,Salesforce_CRM,S4HANA,504.0,Gateway Timeout: Upstream SAP S/4HANA took longer than 60000ms to respond to BAPI call [Ref: MSG-42053],73570,4.0,Timeout
2026-10-04T15:20:15,Tax_Calculation_Call,SAP_CPI,TaxEngine_Vertex,401.0,Unauthorized: Bearer token expired or invalid JWT signature during OAuth handshake [Ref: MSG-95944],466,1.0,Authentication/Authorization
2026-10-03T11:32:43,Order_Create_Inbound,Shopify_Storefront,S4HANA,422.0,Unprocessable Entity: Postal code 'XYZ-999' invalid format for destination country 'DE' [Ref: MSG-84912],561,1.0,Validation/Data
2026-10-04T17:49:54,Shipment_Confirmation_EDI,B2B_EDI_Partner,SAP_CPI,401.0,Unauthorized: Bearer token expired or invalid JWT signature during OAuth handshake [Ref: MSG-19034],527,0.0,Authentication/Authorization
2026-10-02T17:36:50,Customer_Master_Sync,Salesforce_CRM,S4HANA,401.0,OAuth2 token refresh failed: invalid_grant - Refresh token revoked [Ref: MSG-58354],434,0.0,Authentication/Authorization
2026-10-04T14:46:57,Employee_Onboarding_Event,Workday_HCM,ServiceNow,400.0,"Bad Request: Header Content-Type 'text/plain' not acceptable, expected 'application/json' [Ref: MSG-87554]",430,0.0,Validation/Data
2026-10-01T15:34:22,Customer_Master_Sync,Salesforce_CRM,S4HANA,422.0,"Business Rule Violation: Credit limit exceeded for customer 'ACME_CORP' (Limit: $50,000, Current Order: $68,000) [Ref: MSG-63744]",1755,0.0,Business error
2026-10-08T05:24:54,Employee_Onboarding_Event,Workday_HCM,ServiceNow,400.0,Bad Request: JSON schema validation error - missing mandatory field 'KUNNR' in customer payload [Ref: MSG-10191],407,0.0,Validation/Data
2026-10-04T23:03:09,Tax_Calculation_Call,SAP_CPI,TaxEngine_Vertex,503.0,Service Unavailable: Target endpoint under maintenance window [Ref: MSG-41217],2146,3.0,Connectivity
2026-10-06T19:29:47,Tax_Calculation_Call,SAP_CPI,TaxEngine_Vertex,401.0,SAP RFC logon rejected: Technical communication user 'RFC_CPI_COMM' is locked [Ref: MSG-64140],144,0.0,Authentication/Authorization
2026-10-02T02:36:03,Vendor_Remittance_Advice,S4HANA,Banking_API,401.0,HTTP 401 Unauthorized: Invalid API key provided in header x-api-key [Ref: MSG-61688],512,1.0,Authentication/Authorization
2026-10-07T18:59:51,Inventory_Adjustment_Feed,WMS_Manhattan,S4HANA,500.0,Internal Server Error: OutOfMemoryError in Java mapping runtime in SAP Integration Suite [Ref: MSG-44208],4713,0.0,Application/System error
2026-10-03T15:04:12,Employee_Onboarding_Event,Workday_HCM,ServiceNow,422.0,Business Error: Insufficient available warehouse stock in bin A-12 for SKU 'ELEC-902' [Ref: MSG-69343],2542,0.0,Business error
2026-10-02T22:29:20,Invoice_Post_Out,S4HANA,SAP_CPI,409.0,Conflict: Concurrency version conflict updating Customer Master record 'CUST-10492' [Ref: MSG-23848],843,0.0,Business error
2026-10-03T22:16:54,Payment_Status_Update,Payment_Stripe,S4HANA,504.0,Gateway Timeout: JDBC query execution timed out in database layer [Ref: MSG-69233],56009,1.0,Timeout
2026-10-01T14:53:54,Warehouse_Transfer_Order,S4HANA,WMS_Manhattan,403.0,Forbidden: Client certificate missing or not trusted in SAP CPI Keystore [Ref: MSG-89076],350,0.0,Authentication/Authorization
2026-10-05T09:43:19,Employee_Onboarding_Event,Workday_HCM,ServiceNow,401.0,SAP RFC logon rejected: Technical communication user 'RFC_CPI_COMM' is locked [Ref: MSG-61936],355,0.0,Authentication/Authorization
2026-10-06T07:35:15,Shipment_Confirmation_EDI,B2B_EDI_Partner,SAP_CPI,599.0,Unrecognized vendor response code 9999 from legacy gateway [Ref: MSG-69270],3874,0.0,Unknown
2026-10-01T15:08:12,Order_Create_Inbound,Shopify_Storefront,S4HANA,401.0,HTTP 401 Unauthorized: Invalid API key provided in header x-api-key [Ref: MSG-11567],424,2.0,Authentication/Authorization
2026-10-03T10:01:04,General_Ledger_Batch_Post,BillingEngine,S4HANA,502.0,Bad Gateway: SAP Cloud Connector subaccount tunnel 'hana-prd-s4' is offline [Ref: MSG-86823],868,1.0,Connectivity
2026-10-01T09:29:03,Order_Create_Inbound,Shopify_Storefront,S4HANA,400.0,Bad Request: Request payload size 38MB exceeds maximum allowed message limit 10MB [Ref: MSG-53456],244,0.0,Validation/Data
2026-10-05T05:27:11,Product_Catalog_Export,S4HANA,Salesforce_CRM,422.0,Validation Error: Quantity must be a positive integer greater than zero for line item 10 [Ref: MSG-13864],530,0.0,Validation/Data
2026-10-02T09:39:39,Inventory_Adjustment_Feed,WMS_Manhattan,S4HANA,500.0,Internal Server Error: SAP enqueue server lock table overflow (transaction SM12) [Ref: MSG-68459],7651,1.0,Application/System error
2026-10-04T09:05:17,Shipment_Confirmation_EDI,B2B_EDI_Partner,SAP_CPI,400.0,"Bad Request: Header Content-Type 'text/plain' not acceptable, expected 'application/json' [Ref: MSG-82179]",681,0.0,Validation/Data
2026-10-07T01:50:01,Tax_Calculation_Call,SAP_CPI,TaxEngine_Vertex,504.0,Timeout: Target system did not respond within configured timeout of 30000ms [Ref: MSG-42656],52581,5.0,Timeout
2026-10-07T23:22:58,Product_Catalog_Export,S4HANA,Salesforce_CRM,422.0,Business Error: Insufficient available warehouse stock in bin A-12 for SKU 'ELEC-902' [Ref: MSG-81371],1617,0.0,Business error
2026-10-04T03:14:01,Invoice_Post_Out,S4HANA,SAP_CPI,503.0,Service Unavailable: Backend connection pool exhausted (max 150 active connections) [Ref: MSG-13416],1486,4.0,Connectivity
2026-10-04T02:14:10,Product_Catalog_Export,S4HANA,Salesforce_CRM,409.0,Conflict: Duplicate document error - Purchase Order 'PO-98231' already exists in S/4HANA [Ref: MSG-79393],2730,0.0,Business error
2026-10-07T15:36:54,Tax_Calculation_Call,SAP_CPI,TaxEngine_Vertex,422.0,Unprocessable Entity: Postal code 'XYZ-999' invalid format for destination country 'DE' [Ref: MSG-17328],467,1.0,Validation/Data
2026-10-03T02:20:51,Invoice_Post_Out,S4HANA,SAP_CPI,504.0,Gateway Timeout: JDBC query execution timed out in database layer [Ref: MSG-33081],82689,3.0,Timeout
2026-10-06T02:09:36,Warehouse_Transfer_Order,S4HANA,WMS_Manhattan,502.0,Bad Gateway: Connection refused by target SAP S/4HANA host on port 8001 [Ref: MSG-56095],1113,4.0,Connectivity
2026-10-02T23:02:05,Tax_Calculation_Call,SAP_CPI,TaxEngine_Vertex,409.0,Business Conflict: Invoice matching failed - PO line item amount mismatch greater than 2% tolerance [Ref: MSG-50508],1840,0.0,Business error
2026-10-01T18:58:39,Tax_Calculation_Call,SAP_CPI,TaxEngine_Vertex,400.0,Bad Request: JSON schema validation error - missing mandatory field 'KUNNR' in customer payload [Ref: MSG-72650],603,0.0,Validation/Data
2026-10-01T12:37:45,Employee_Onboarding_Event,Workday_HCM,ServiceNow,401.0,HTTP 401 Unauthorized: Invalid API key provided in header x-api-key [Ref: MSG-17806],369,3.0,Authentication/Authorization
2026-10-07T05:25:37,Order_Create_Inbound,Shopify_Storefront,S4HANA,422.0,Business Error: Insufficient available warehouse stock in bin A-12 for SKU 'ELEC-902' [Ref: MSG-58967],1187,0.0,Business error
2026-10-08T04:31:41,Invoice_Post_Out,S4HANA,SAP_CPI,502.0,Proxy Error: DNS lookup failed for internal host erp.corp.internal [Ref: MSG-67261],185,2.0,Connectivity
2026-10-05T13:24:19,Payment_Status_Update,Payment_Stripe,S4HANA,400.0,Bad Request: XML parse exception - mismatched closing tag </itemRecord> at line 48 [Ref: MSG-97232],409,0.0,Validation/Data
2026-10-07T02:25:54,Warehouse_Transfer_Order,S4HANA,WMS_Manhattan,502.0,Proxy Error: DNS lookup failed for internal host erp.corp.internal [Ref: MSG-10235],1838,5.0,Connectivity
2026-10-04T03:14:40,Invoice_Post_Out,S4HANA,SAP_CPI,500.0,Internal Server Error: SAP ABAP runtime dump 'DYNPRO_NOT_FOUND' in function module /SAPAPO/BAPI [Ref: MSG-88956],8722,1.0,Application/System error
2026-10-02T19:20:10,Employee_Onboarding_Event,Workday_HCM,ServiceNow,500.0,Internal Server Error: OutOfMemoryError in Java mapping runtime in SAP Integration Suite [Ref: MSG-20198],7194,1.0,Application/System error
2026-10-07T07:56:21,Warehouse_Transfer_Order,S4HANA,WMS_Manhattan,500.0,HTTP 500: System crash occurred during large batch file processing in middleware worker [Ref: MSG-97821],3915,1.0,Application/System error
2026-10-03T16:50:06,Warehouse_Transfer_Order,S4HANA,WMS_Manhattan,503.0,Service Unavailable: Target endpoint under maintenance window [Ref: MSG-18885],167,3.0,Connectivity
2026-10-02T21:31:56,Warehouse_Transfer_Order,S4HANA,WMS_Manhattan,401.0,OAuth2 token refresh failed: invalid_grant - Refresh token revoked [Ref: MSG-65004],308,0.0,Authentication/Authorization
2026-10-07T05:14:10,Product_Catalog_Export,S4HANA,Salesforce_CRM,400.0,Bad Request: Invalid date format in delivery_date '2026-31-02' - expected YYYY-MM-DD [Ref: MSG-85766],608,0.0,Validation/Data
2026-10-03T16:06:04,Inventory_Adjustment_Feed,WMS_Manhattan,S4HANA,409.0,Conflict: Duplicate document error - Purchase Order 'PO-98231' already exists in S/4HANA [Ref: MSG-12631],744,0.0,Business error
2026-10-05T10:21:38,Warehouse_Transfer_Order,S4HANA,WMS_Manhattan,422.0,"Business Rule Violation: Credit limit exceeded for customer 'ACME_CORP' (Limit: $50,000, Current Order: $68,000) [Ref: MSG-19830]",1090,2.0,Business error
2026-10-03T03:56:27,Shipment_Confirmation_EDI,B2B_EDI_Partner,SAP_CPI,409.0,Conflict: Duplicate document error - Purchase Order 'PO-98231' already exists in S/4HANA [Ref: MSG-95673],576,0.0,Business error
2026-10-07T01:46:59,Payment_Status_Update,Payment_Stripe,S4HANA,401.0,SAP RFC logon rejected: Technical communication user 'RFC_CPI_COMM' is locked [Ref: MSG-63645],317,2.0,Authentication/Authorization
2026-10-01T09:25:36,Inventory_Adjustment_Feed,WMS_Manhattan,S4HANA,503.0,Service Unavailable: Backend connection pool exhausted (max 150 active connections) [Ref: MSG-41135],1015,2.0,Connectivity
2026-10-04T10:18:52,Employee_Onboarding_Event,Workday_HCM,ServiceNow,504.0,Gateway Timeout: Upstream SAP S/4HANA took longer than 60000ms to respond to BAPI call [Ref: MSG-10500],75763,3.0,Timeout
2026-10-02T13:40:18,Order_Create_Inbound,Shopify_Storefront,S4HANA,422.0,Unprocessable Entity: Currency code 'USDD' is not ISO-4217 compliant [Ref: MSG-13373],376,1.0,Validation/Data
2026-10-04T23:57:42,Inventory_Adjustment_Feed,WMS_Manhattan,S4HANA,504.0,Gateway Timeout: Upstream SAP S/4HANA took longer than 60000ms to respond to BAPI call [Ref: MSG-62096],85016,1.0,Timeout
2026-10-04T19:11:28,Invoice_Post_Out,S4HANA,SAP_CPI,422.0,Validation Error: Quantity must be a positive integer greater than zero for line item 10 [Ref: MSG-58630],597,0.0,Validation/Data
2026-10-05T09:09:48,Payment_Status_Update,Payment_Stripe,S4HANA,504.0,Gateway Timeout: HTTP read timeout after 90000ms waiting for Salesforce bulk API response [Ref: MSG-45200],69960,3.0,Timeout
2026-10-08T02:14:35,Tax_Calculation_Call,SAP_CPI,TaxEngine_Vertex,403.0,Forbidden: User lacks authorization for BAPI_SALESORDER_CREATEFROMDAT2 in S4HANA [Ref: MSG-64262],348,0.0,Authentication/Authorization
2026-10-06T23:36:56,Shipment_Confirmation_EDI,B2B_EDI_Partner,SAP_CPI,408.0,HTTP 408 Request Timeout: Socket read timed out after 45000ms waiting for WMS response [Ref: MSG-80190],76946,1.0,Timeout
2026-10-06T02:57:33,Warehouse_Transfer_Order,S4HANA,WMS_Manhattan,502.0,HTTP 502 Bad Gateway: Network socket prematurely closed by upstream server [Ref: MSG-14551],508,3.0,Connectivity
2026-10-02T13:13:51,Order_Create_Inbound,Shopify_Storefront,S4HANA,400.0,Bad Request: Request payload size 38MB exceeds maximum allowed message limit 10MB [Ref: MSG-68856],507,0.0,Validation/Data
2026-10-03T04:09:53,Vendor_Remittance_Advice,S4HANA,Banking_API,401.0,Unauthorized: Client credentials rejected by SAP Identity Authentication Service (IAS) [Ref: MSG-67067],346,1.0,Authentication/Authorization
2026-10-05T20:35:20,Order_Create_Inbound,Shopify_Storefront,S4HANA,502.0,Bad Gateway: SAP Cloud Connector subaccount tunnel 'hana-prd-s4' is offline [Ref: MSG-60868],964,4.0,Connectivity
2026-10-06T00:50:26,Customer_Master_Sync,Salesforce_CRM,S4HANA,504.0,Gateway Timeout: JDBC query execution timed out in database layer [Ref: MSG-91665],81840,1.0,Timeout
2026-10-07T11:50:18,Order_Create_Inbound,Shopify_Storefront,S4HANA,401.0,Unauthorized: Client credentials rejected by SAP Identity Authentication Service (IAS) [Ref: MSG-83752],177,2.0,Authentication/Authorization
2026-10-06T23:36:38,Inventory_Adjustment_Feed,WMS_Manhattan,S4HANA,422.0,Business Error: Employee effective date cannot be prior to hiring offer acceptance date [Ref: MSG-60206],1726,0.0,Business error
2026-10-06T05:44:25,Invoice_Post_Out,S4HANA,SAP_CPI,403.0,HTTP 403 Forbidden: Insufficient scopes for OAuth token on endpoint /api/v2/orders [Ref: MSG-91034],340,0.0,Authentication/Authorization
2026-10-02T07:30:58,Warehouse_Transfer_Order,S4HANA,WMS_Manhattan,422.0,Business Error: Insufficient available warehouse stock in bin A-12 for SKU 'ELEC-902' [Ref: MSG-41139],1139,0.0,Business error
2026-10-03T23:54:44,Inventory_Adjustment_Feed,WMS_Manhattan,S4HANA,503.0,TCP connection reset by peer during TLS handshake with Vertex Tax Engine [Ref: MSG-50756],658,3.0,Connectivity
2026-10-06T22:49:52,Invoice_Post_Out,S4HANA,SAP_CPI,500.0,Internal Server Error: OutOfMemoryError in Java mapping runtime in SAP Integration Suite [Ref: MSG-49384],6219,0.0,Application/System error
2026-10-02T21:47:31,Payment_Status_Update,Payment_Stripe,S4HANA,400.0,Bad Request: Invalid date format in delivery_date '2026-31-02' - expected YYYY-MM-DD [Ref: MSG-67896],440,0.0,Validation/Data
2026-10-01T17:45:32,Tax_Calculation_Call,SAP_CPI,TaxEngine_Vertex,409.0,Conflict: Duplicate document error - Purchase Order 'PO-98231' already exists in S/4HANA [Ref: MSG-30836],2373,0.0,Business error
2026-10-07T14:53:03,Invoice_Post_Out,S4HANA,SAP_CPI,409.0,Conflict: Duplicate document error - Purchase Order 'PO-98231' already exists in S/4HANA [Ref: MSG-35265],1208,0.0,Business error
2026-10-03T19:52:29,Warehouse_Transfer_Order,S4HANA,WMS_Manhattan,504.0,Gateway Timeout: HTTP read timeout after 90000ms waiting for Salesforce bulk API response [Ref: MSG-36097],72560,2.0,Timeout
2026-10-02T19:31:38,Vendor_Remittance_Advice,S4HANA,Banking_API,400.0,Bad Request: Invalid date format in delivery_date '2026-31-02' - expected YYYY-MM-DD [Ref: MSG-14005],370,0.0,Validation/Data
2026-10-03T19:10:53,General_Ledger_Batch_Post,BillingEngine,S4HANA,500.0,Internal Server Error: IDoc status 51 - Application document not posted due to database deadlock [Ref: MSG-82264],3017,2.0,Application/System error
2026-10-04T09:10:54,Inventory_Adjustment_Feed,WMS_Manhattan,S4HANA,400.0,Bad Request: Invalid date format in delivery_date '2026-31-02' - expected YYYY-MM-DD [Ref: MSG-13597],433,0.0,Validation/Data
2026-10-03T05:13:17,Payment_Status_Update,Payment_Stripe,S4HANA,500.0,HTTP 500: System crash occurred during large batch file processing in middleware worker [Ref: MSG-94853],2411,1.0,Application/System error
2026-10-04T12:41:11,Vendor_Remittance_Advice,S4HANA,Banking_API,504.0,Gateway Timeout: JDBC query execution timed out in database layer [Ref: MSG-11166],56695,3.0,Timeout
2026-10-07T06:41:17,General_Ledger_Batch_Post,BillingEngine,S4HANA,403.0,Forbidden: Client certificate missing or not trusted in SAP CPI Keystore [Ref: MSG-50037],206,1.0,Authentication/Authorization
2026-10-02T22:19:43,Product_Catalog_Export,S4HANA,Salesforce_CRM,503.0,TCP connection reset by peer during TLS handshake with Vertex Tax Engine [Ref: MSG-43029],990,2.0,Connectivity
2026-10-06T19:35:41,Customer_Master_Sync,Salesforce_CRM,S4HANA,400.0,Bad Request: Invalid date format in delivery_date '2026-31-02' - expected YYYY-MM-DD [Ref: MSG-77045],434,0.0,Validation/Data
2026-10-03T16:40:20,Product_Catalog_Export,S4HANA,Salesforce_CRM,502.0,Bad Gateway: SAP Cloud Connector subaccount tunnel 'hana-prd-s4' is offline [Ref: MSG-18367],2077,4.0,Connectivity
2026-10-05T15:57:03,Payment_Status_Update,Payment_Stripe,S4HANA,503.0,Service Unavailable: Backend connection pool exhausted (max 150 active connections) [Ref: MSG-29651],1336,3.0,Connectivity
2026-10-06T12:46:01,Vendor_Remittance_Advice,S4HANA,Banking_API,422.0,Business Error: Employee effective date cannot be prior to hiring offer acceptance date [Ref: MSG-51888],1825,0.0,Business error
2026-10-05T07:02:37,Shipment_Confirmation_EDI,B2B_EDI_Partner,SAP_CPI,0.0,Raw socket disconnect with unknown termination reason [Ref: MSG-63031],7128,2.0,Unknown
2026-10-07T01:40:50,Employee_Onboarding_Event,Workday_HCM,ServiceNow,422.0,Unprocessable Entity: Currency code 'USDD' is not ISO-4217 compliant [Ref: MSG-39145],356,0.0,Validation/Data
2026-10-07T13:53:42,Tax_Calculation_Call,SAP_CPI,TaxEngine_Vertex,500.0,Internal Server Error: SAP enqueue server lock table overflow (transaction SM12) [Ref: MSG-49347],3158,2.0,Application/System error
2026-10-06T16:46:51,Product_Catalog_Export,S4HANA,Salesforce_CRM,502.0,Bad Gateway: SAP Cloud Connector subaccount tunnel 'hana-prd-s4' is offline [Ref: MSG-26769],431,2.0,Connectivity
2026-10-01T15:22:14,Employee_Onboarding_Event,Workday_HCM,ServiceNow,500.0,Internal Server Error: Database transaction rollback triggered by unhandled exception [Ref: MSG-95778],6448,2.0,Application/System error
2026-10-05T17:29:54,Employee_Onboarding_Event,Workday_HCM,ServiceNow,503.0,TCP connection reset by peer during TLS handshake with Vertex Tax Engine [Ref: MSG-44152],705,1.0,Connectivity
2026-10-05T11:55:43,Product_Catalog_Export,S4HANA,Salesforce_CRM,401.0,Unauthorized: Client credentials rejected by SAP Identity Authentication Service (IAS) [Ref: MSG-35499],634,0.0,Authentication/Authorization
2026-10-02T18:26:36,Invoice_Post_Out,S4HANA,SAP_CPI,502.0,Bad Gateway: Connection refused by target SAP S/4HANA host on port 8001 [Ref: MSG-28004],702,4.0,Connectivity
2026-10-07T10:31:21,Employee_Onboarding_Event,Workday_HCM,ServiceNow,999.0,General anomaly detected: undefined status without protocol description [Ref: MSG-33639],4223,1.0,Unknown
2026-10-03T14:48:49,Customer_Master_Sync,Salesforce_CRM,S4HANA,401.0,Unauthorized: Bearer token expired or invalid JWT signature during OAuth handshake [Ref: MSG-69251],547,0.0,Authentication/Authorization
2026-10-05T21:40:27,Order_Create_Inbound,Shopify_Storefront,S4HANA,409.0,Business Conflict: Invoice matching failed - PO line item amount mismatch greater than 2% tolerance [Ref: MSG-26961],1650,0.0,Business error
2026-10-05T14:46:23,Customer_Master_Sync,Salesforce_CRM,S4HANA,500.0,Internal Server Error: IDoc status 51 - Application document not posted due to database deadlock [Ref: MSG-14944],6441,3.0,Application/System error
2026-10-02T04:46:15,Customer_Master_Sync,Salesforce_CRM,S4HANA,422.0,Business Rule Violation: SAP Posting period 09/2026 is closed in company code 1000 [Ref: MSG-98702],1986,0.0,Business error
2026-10-05T00:37:19,Invoice_Post_Out,S4HANA,SAP_CPI,422.0,Business Rule Violation: Material 'MAT-8002' marked for deletion or blocked in plant 1010 [Ref: MSG-23462],3647,0.0,Business error
2026-10-07T00:38:33,Inventory_Adjustment_Feed,WMS_Manhattan,S4HANA,422.0,Business Rule Violation: Material 'MAT-8002' marked for deletion or blocked in plant 1010 [Ref: MSG-69759],2471,0.0,Business error
2026-10-03T14:10:58,Employee_Onboarding_Event,Workday_HCM,ServiceNow,422.0,"Business Rule Violation: Credit limit exceeded for customer 'ACME_CORP' (Limit: $50,000, Current Order: $68,000) [Ref: MSG-74248]",1723,1.0,Business error
2026-10-03T07:01:37,Payment_Status_Update,Payment_Stripe,S4HANA,504.0,Gateway Timeout: SAP CPI worker exceeded maximum route execution timeout (120s) [Ref: MSG-27197],50666,2.0,Timeout
2026-10-04T01:39:03,Shipment_Confirmation_EDI,B2B_EDI_Partner,SAP_CPI,401.0,Unauthorized: Bearer token expired or invalid JWT signature during OAuth handshake [Ref: MSG-93928],157,1.0,Authentication/Authorization
2026-10-02T06:07:26,Vendor_Remittance_Advice,S4HANA,Banking_API,401.0,Unauthorized: Client credentials rejected by SAP Identity Authentication Service (IAS) [Ref: MSG-12587],374,1.0,Authentication/Authorization
2026-10-03T06:43:40,Product_Catalog_Export,S4HANA,Salesforce_CRM,403.0,Forbidden: Client certificate missing or not trusted in SAP CPI Keystore [Ref: MSG-30070],259,0.0,Authentication/Authorization
2026-10-04T03:38:44,Vendor_Remittance_Advice,S4HANA,Banking_API,504.0,Gateway Timeout: Upstream SAP S/4HANA took longer than 60000ms to respond to BAPI call [Ref: MSG-78197],43666,1.0,Timeout
2026-10-01T17:07:50,Tax_Calculation_Call,SAP_CPI,TaxEngine_Vertex,409.0,Conflict: Concurrency version conflict updating Customer Master record 'CUST-10492' [Ref: MSG-90962],1412,0.0,Business error
2026-10-02T19:45:26,Inventory_Adjustment_Feed,WMS_Manhattan,S4HANA,503.0,Service Unavailable: Target endpoint under maintenance window [Ref: MSG-78569],303,1.0,Connectivity
2026-10-03T15:00:00,Payment_Status_Update,Payment_Stripe,S4HANA,401.0,OAuth2 token refresh failed: invalid_grant - Refresh token revoked [Ref: MSG-73001],220,1.0,Authentication/Authorization
2026-10-04T12:05:49,General_Ledger_Batch_Post,BillingEngine,S4HANA,500.0,HTTP 500: System crash occurred during large batch file processing in middleware worker [Ref: MSG-97690],5545,1.0,Application/System error
2026-10-02T22:18:16,Inventory_Adjustment_Feed,WMS_Manhattan,S4HANA,400.0,Bad Request: Invalid date format in delivery_date '2026-31-02' - expected YYYY-MM-DD [Ref: MSG-94454],586,0.0,Validation/Data
2026-10-04T05:20:27,Customer_Master_Sync,Salesforce_CRM,S4HANA,401.0,HTTP 401 Unauthorized: Invalid API key provided in header x-api-key [Ref: MSG-48085],476,2.0,Authentication/Authorization
2026-10-07T04:10:21,Customer_Master_Sync,Salesforce_CRM,S4HANA,401.0,Unauthorized: Bearer token expired or invalid JWT signature during OAuth handshake [Ref: MSG-28139],428,0.0,Authentication/Authorization
2026-10-03T18:11:07,Inventory_Adjustment_Feed,WMS_Manhattan,S4HANA,408.0,HTTP 408 Request Timeout: Socket read timed out after 45000ms waiting for WMS response [Ref: MSG-22183],51890,2.0,Timeout
2026-10-07T21:41:56,Shipment_Confirmation_EDI,B2B_EDI_Partner,SAP_CPI,500.0,Internal Server Error: SAP enqueue server lock table overflow (transaction SM12) [Ref: MSG-72684],4991,2.0,Application/System error
2026-10-05T02:30:51,Invoice_Post_Out,S4HANA,SAP_CPI,401.0,Unauthorized: Bearer token expired or invalid JWT signature during OAuth handshake [Ref: MSG-23593],634,1.0,Authentication/Authorization
2026-10-05T08:55:43,Shipment_Confirmation_EDI,B2B_EDI_Partner,SAP_CPI,408.0,HTTP 408 Request Timeout: Socket read timed out after 45000ms waiting for WMS response [Ref: MSG-57002],80217,4.0,Timeout
2026-10-01T21:28:02,Product_Catalog_Export,S4HANA,Salesforce_CRM,400.0,Bad Request: Request payload size 38MB exceeds maximum allowed message limit 10MB [Ref: MSG-73979],383,0.0,Validation/Data
2026-10-06T07:36:46,Warehouse_Transfer_Order,S4HANA,WMS_Manhattan,400.0,Bad Request: JSON schema validation error - missing mandatory field 'KUNNR' in customer payload [Ref: MSG-98857],687,0.0,Validation/Data
2026-10-06T06:44:39,Employee_Onboarding_Event,Workday_HCM,ServiceNow,500.0,Internal Server Error: Database transaction rollback triggered by unhandled exception [Ref: MSG-78039],4029,0.0,Application/System error
2026-10-07T05:41:24,Product_Catalog_Export,S4HANA,Salesforce_CRM,422.0,Unprocessable Entity: Currency code 'USDD' is not ISO-4217 compliant [Ref: MSG-55318],349,0.0,Validation/Data
2026-10-03T00:54:30,Customer_Master_Sync,Salesforce_CRM,S4HANA,409.0,Conflict: Duplicate document error - Purchase Order 'PO-98231' already exists in S/4HANA [Ref: MSG-94331],2637,1.0,Business error
2026-10-02T18:17:03,Product_Catalog_Export,S4HANA,Salesforce_CRM,409.0,Conflict: Concurrency version conflict updating Customer Master record 'CUST-10492' [Ref: MSG-52026],1014,0.0,Business error
2026-10-01T22:28:51,Shipment_Confirmation_EDI,B2B_EDI_Partner,SAP_CPI,422.0,Validation Error: Quantity must be a positive integer greater than zero for line item 10 [Ref: MSG-40801],162,0.0,Validation/Data
2026-10-01T23:47:41,Product_Catalog_Export,S4HANA,Salesforce_CRM,401.0,OAuth2 token refresh failed: invalid_grant - Refresh token revoked [Ref: MSG-51426],462,0.0,Authentication/Authorization
2026-10-01T10:50:38,Tax_Calculation_Call,SAP_CPI,TaxEngine_Vertex,504.0,Gateway Timeout: Upstream SAP S/4HANA took longer than 60000ms to respond to BAPI call [Ref: MSG-81971],65415,5.0,Timeout
2026-10-04T18:23:52,Vendor_Remittance_Advice,S4HANA,Banking_API,422.0,Unprocessable Entity: Currency code 'USDD' is not ISO-4217 compliant [Ref: MSG-98011],469,0.0,Validation/Data
2026-10-08T03:38:30,Employee_Onboarding_Event,Workday_HCM,ServiceNow,503.0,Service Unavailable: Circuit breaker open for downstream payment service [Ref: MSG-83420],474,3.0,Connectivity
2026-10-08T05:14:00,Order_Create_Inbound,Shopify_Storefront,S4HANA,503.0,Service Unavailable: Circuit breaker open for downstream payment service [Ref: MSG-22771],278,2.0,Connectivity
2026-10-04T06:06:02,Tax_Calculation_Call,SAP_CPI,TaxEngine_Vertex,422.0,Business Rule Violation: Material 'MAT-8002' marked for deletion or blocked in plant 1010 [Ref: MSG-78417],1525,1.0,Business error
2026-10-01T16:39:12,Warehouse_Transfer_Order,S4HANA,WMS_Manhattan,504.0,Gateway Timeout: JDBC query execution timed out in database layer [Ref: MSG-63636],55610,1.0,Timeout
2026-10-07T14:45:21,Payment_Status_Update,Payment_Stripe,S4HANA,500.0,Internal Server Error: IDoc status 51 - Application document not posted due to database deadlock [Ref: MSG-69905],4045,0.0,Application/System error
2026-10-01T22:29:42,Vendor_Remittance_Advice,S4HANA,Banking_API,504.0,Timeout: Target system did not respond within configured timeout of 30000ms [Ref: MSG-87176],58798,2.0,Timeout
2026-10-06T09:35:59,Customer_Master_Sync,Salesforce_CRM,S4HANA,408.0,Request Timeout: Client connection dropped before request payload was fully received [Ref: MSG-79515],52571,2.0,Timeout
2026-10-03T07:52:08,Warehouse_Transfer_Order,S4HANA,WMS_Manhattan,400.0,Bad Request: Request payload size 38MB exceeds maximum allowed message limit 10MB [Ref: MSG-85832],368,0.0,Validation/Data
2026-10-05T03:58:44,Tax_Calculation_Call,SAP_CPI,TaxEngine_Vertex,400.0,Bad Request: XML parse exception - mismatched closing tag </itemRecord> at line 48 [Ref: MSG-60418],74,0.0,Validation/Data
2026-10-07T12:08:26,Inventory_Adjustment_Feed,WMS_Manhattan,S4HANA,503.0,TCP connection reset by peer during TLS handshake with Vertex Tax Engine [Ref: MSG-69355],4996,3.0,Connectivity
2026-10-07T18:45:47,Warehouse_Transfer_Order,S4HANA,WMS_Manhattan,422.0,Business Rule Violation: Material 'MAT-8002' marked for deletion or blocked in plant 1010 [Ref: MSG-81802],2210,1.0,Business error
2026-10-06T17:43:22,Payment_Status_Update,Payment_Stripe,S4HANA,422.0,Unprocessable Entity: Currency code 'USDD' is not ISO-4217 compliant [Ref: MSG-91810],414,1.0,Validation/Data
2026-10-07T04:20:45,Tax_Calculation_Call,SAP_CPI,TaxEngine_Vertex,401.0,HTTP 401 Unauthorized: Invalid API key provided in header x-api-key [Ref: MSG-81105],241,0.0,Authentication/Authorization
2026-10-07T06:26:43,General_Ledger_Batch_Post,BillingEngine,S4HANA,503.0,Service Unavailable: Circuit breaker open for downstream payment service [Ref: MSG-84794],4336,3.0,Connectivity
2026-10-05T11:01:24,Shipment_Confirmation_EDI,B2B_EDI_Partner,SAP_CPI,422.0,Business Rule Violation: Material 'MAT-8002' marked for deletion or blocked in plant 1010 [Ref: MSG-11673],1942,0.0,Business error
2026-10-04T05:16:09,Inventory_Adjustment_Feed,WMS_Manhattan,S4HANA,422.0,Unprocessable Entity: Currency code 'USDD' is not ISO-4217 compliant [Ref: MSG-31094],491,0.0,Validation/Data
2026-10-01T19:52:28,Payment_Status_Update,Payment_Stripe,S4HANA,422.0,Unprocessable Entity: Postal code 'XYZ-999' invalid format for destination country 'DE' [Ref: MSG-80932],341,0.0,Validation/Data
2026-10-05T20:15:32,Warehouse_Transfer_Order,S4HANA,WMS_Manhattan,422.0,Business Rule Violation: SAP Posting period 09/2026 is closed in company code 1000 [Ref: MSG-94819],1480,1.0,Business error
2026-10-01T20:24:26,Warehouse_Transfer_Order,S4HANA,WMS_Manhattan,422.0,Business Rule Violation: Material 'MAT-8002' marked for deletion or blocked in plant 1010 [Ref: MSG-97096],2116,2.0,Business error
2026-10-02T07:16:12,Tax_Calculation_Call,SAP_CPI,TaxEngine_Vertex,500.0,Internal Server Error: SAP enqueue server lock table overflow (transaction SM12) [Ref: MSG-17051],5518,1.0,Application/System error
2026-10-07T06:41:23,Payment_Status_Update,Payment_Stripe,S4HANA,409.0,Business Conflict: Invoice matching failed - PO line item amount mismatch greater than 2% tolerance [Ref: MSG-93071],3025,1.0,Business error
2026-10-03T22:11:43,Warehouse_Transfer_Order,S4HANA,WMS_Manhattan,422.0,Unprocessable Entity: Currency code 'USDD' is not ISO-4217 compliant [Ref: MSG-35362],692,0.0,Validation/Data
2026-10-04T09:27:17,Tax_Calculation_Call,SAP_CPI,TaxEngine_Vertex,500.0,Internal Server Error: Database transaction rollback triggered by unhandled exception [Ref: MSG-25643],7332,1.0,Application/System error
2026-10-05T06:59:09,Customer_Master_Sync,Salesforce_CRM,S4HANA,403.0,Forbidden: Client certificate missing or not trusted in SAP CPI Keystore [Ref: MSG-53327],258,0.0,Authentication/Authorization
2026-10-06T05:19:31,Customer_Master_Sync,Salesforce_CRM,S4HANA,500.0,Internal Server Error: NullPointerException in custom Groovy script step 'TransformOrder.groovy' line 42 [Ref: MSG-91968],3588,2.0,Application/System error
2026-10-05T15:11:33,Warehouse_Transfer_Order,S4HANA,WMS_Manhattan,400.0,Bad Request: Invalid date format in delivery_date '2026-31-02' - expected YYYY-MM-DD [Ref: MSG-51662],299,0.0,Validation/Data
2026-10-04T10:22:14,Tax_Calculation_Call,SAP_CPI,TaxEngine_Vertex,408.0,Request Timeout: Client connection dropped before request payload was fully received [Ref: MSG-80390],69196,4.0,Timeout
2026-10-03T03:33:30,Employee_Onboarding_Event,Workday_HCM,ServiceNow,400.0,Bad Request: XML parse exception - mismatched closing tag </itemRecord> at line 48 [Ref: MSG-48479],60,1.0,Validation/Data
2026-10-03T22:15:57,Order_Create_Inbound,Shopify_Storefront,S4HANA,409.0,Conflict: Duplicate document error - Purchase Order 'PO-98231' already exists in S/4HANA [Ref: MSG-97679],1524,0.0,Business error
2026-10-03T20:58:50,Customer_Master_Sync,Salesforce_CRM,S4HANA,500.0,Internal Server Error: OutOfMemoryError in Java mapping runtime in SAP Integration Suite [Ref: MSG-99463],4233,3.0,Application/System error
2026-10-02T00:52:49,Warehouse_Transfer_Order,S4HANA,WMS_Manhattan,408.0,HTTP 408 Request Timeout: Socket read timed out after 45000ms waiting for WMS response [Ref: MSG-47070],42135,2.0,Timeout
2026-10-04T04:12:20,Product_Catalog_Export,S4HANA,Salesforce_CRM,409.0,Business Conflict: Invoice matching failed - PO line item amount mismatch greater than 2% tolerance [Ref: MSG-15747],2278,0.0,Business error
2026-10-02T04:04:13,Tax_Calculation_Call,SAP_CPI,TaxEngine_Vertex,500.0,Internal Server Error: OutOfMemoryError in Java mapping runtime in SAP Integration Suite [Ref: MSG-79888],2152,1.0,Application/System error
2026-10-06T06:56:47,Order_Create_Inbound,Shopify_Storefront,S4HANA,422.0,Business Error: Employee effective date cannot be prior to hiring offer acceptance date [Ref: MSG-36945],1960,1.0,Business error
2026-10-02T08:29:45,Warehouse_Transfer_Order,S4HANA,WMS_Manhattan,400.0,Bad Request: Invalid date format in delivery_date '2026-31-02' - expected YYYY-MM-DD [Ref: MSG-99921],867,0.0,Validation/Data
2026-10-05T10:36:52,Invoice_Post_Out,S4HANA,SAP_CPI,401.0,Unauthorized: Bearer token expired or invalid JWT signature during OAuth handshake [Ref: MSG-43018],156,0.0,Authentication/Authorization
2026-10-04T21:20:01,Product_Catalog_Export,S4HANA,Salesforce_CRM,502.0,HTTP 502 Bad Gateway: Network socket prematurely closed by upstream server [Ref: MSG-92603],213,2.0,Connectivity
2026-10-02T07:37:02,Vendor_Remittance_Advice,S4HANA,Banking_API,401.0,Unauthorized: Bearer token expired or invalid JWT signature during OAuth handshake [Ref: MSG-91048],246,2.0,Authentication/Authorization
2026-10-04T03:05:18,Inventory_Adjustment_Feed,WMS_Manhattan,S4HANA,401.0,Unauthorized: Client credentials rejected by SAP Identity Authentication Service (IAS) [Ref: MSG-99899],303,2.0,Authentication/Authorization
2026-10-04T13:34:14,Vendor_Remittance_Advice,S4HANA,Banking_API,408.0,Request Timeout: Client connection dropped before request payload was fully received [Ref: MSG-14039],80094,1.0,Timeout
2026-10-06T12:19:43,Tax_Calculation_Call,SAP_CPI,TaxEngine_Vertex,504.0,Gateway Timeout: JDBC query execution timed out in database layer [Ref: MSG-48663],56346,4.0,Timeout
2026-10-03T08:35:55,Warehouse_Transfer_Order,S4HANA,WMS_Manhattan,500.0,HTTP 500: System crash occurred during large batch file processing in middleware worker [Ref: MSG-94926],7089,1.0,Application/System error
2026-10-05T01:35:05,General_Ledger_Batch_Post,BillingEngine,S4HANA,401.0,Unauthorized: Bearer token expired or invalid JWT signature during OAuth handshake [Ref: MSG-88204],214,0.0,Authentication/Authorization
2026-10-07T00:09:10,Payment_Status_Update,Payment_Stripe,S4HANA,400.0,Bad Request: XML parse exception - mismatched closing tag </itemRecord> at line 48 [Ref: MSG-64087],529,0.0,Validation/Data
2026-10-03T05:51:36,Payment_Status_Update,Payment_Stripe,S4HANA,422.0,Unprocessable Entity: Postal code 'XYZ-999' invalid format for destination country 'DE' [Ref: MSG-25023],666,0.0,Validation/Data
2026-10-01T17:42:04,Vendor_Remittance_Advice,S4HANA,Banking_API,409.0,Business Conflict: Invoice matching failed - PO line item amount mismatch greater than 2% tolerance [Ref: MSG-82045],317,0.0,Business error
2026-10-03T05:41:15,Employee_Onboarding_Event,Workday_HCM,ServiceNow,503.0,Service Unavailable: Circuit breaker open for downstream payment service [Ref: MSG-56810],664,1.0,Connectivity
2026-10-04T18:39:42,Employee_Onboarding_Event,Workday_HCM,ServiceNow,422.0,Unprocessable Entity: Currency code 'USDD' is not ISO-4217 compliant [Ref: MSG-73682],330,0.0,Validation/Data
2026-10-02T08:20:15,Employee_Onboarding_Event,Workday_HCM,ServiceNow,400.0,Bad Request: XML parse exception - mismatched closing tag </itemRecord> at line 48 [Ref: MSG-66139],475,0.0,Validation/Data
2026-10-03T05:46:21,Inventory_Adjustment_Feed,WMS_Manhattan,S4HANA,422.0,Validation Error: Quantity must be a positive integer greater than zero for line item 10 [Ref: MSG-57118],463,0.0,Validation/Data
2026-10-05T11:11:41,Inventory_Adjustment_Feed,WMS_Manhattan,S4HANA,504.0,Gateway Timeout: HTTP read timeout after 90000ms waiting for Salesforce bulk API response [Ref: MSG-73828],72320,3.0,Timeout
2026-10-04T07:56:40,Tax_Calculation_Call,SAP_CPI,TaxEngine_Vertex,422.0,"Business Rule Violation: Credit limit exceeded for customer 'ACME_CORP' (Limit: $50,000, Current Order: $68,000) [Ref: MSG-35746]",2748,0.0,Business error
2026-10-02T02:37:25,Tax_Calculation_Call,SAP_CPI,TaxEngine_Vertex,401.0,Unauthorized: Bearer token expired or invalid JWT signature during OAuth handshake [Ref: MSG-92788],335,2.0,Authentication/Authorization
2026-10-06T01:30:41,Tax_Calculation_Call,SAP_CPI,TaxEngine_Vertex,502.0,Bad Gateway: Connection refused by target SAP S/4HANA host on port 8001 [Ref: MSG-44159],2053,3.0,Connectivity
2026-10-02T22:32:32,General_Ledger_Batch_Post,BillingEngine,S4HANA,503.0,Service Unavailable: Target endpoint under maintenance window [Ref: MSG-48141],420,0.0,Connectivity
2026-10-08T03:43:10,Vendor_Remittance_Advice,S4HANA,Banking_API,502.0,Bad Gateway: Connection refused by target SAP S/4HANA host on port 8001 [Ref: MSG-41310],364,3.0,Connectivity
2026-10-06T05:55:09,Invoice_Post_Out,S4HANA,SAP_CPI,401.0,HTTP 401 Unauthorized: Invalid API key provided in header x-api-key [Ref: MSG-84233],363,2.0,Authentication/Authorization
2026-10-07T23:14:04,Customer_Master_Sync,Salesforce_CRM,S4HANA,504.0,Gateway Timeout: HTTP read timeout after 90000ms waiting for Salesforce bulk API response [Ref: MSG-38681],70916,1.0,Timeout
2026-10-04T23:58:29,Tax_Calculation_Call,SAP_CPI,TaxEngine_Vertex,503.0,Service Unavailable: Target endpoint under maintenance window [Ref: MSG-57349],1463,4.0,Connectivity
2026-10-06T16:53:47,Order_Create_Inbound,Shopify_Storefront,S4HANA,403.0,Forbidden: User lacks authorization for BAPI_SALESORDER_CREATEFROMDAT2 in S4HANA [Ref: MSG-78337],299,0.0,Authentication/Authorization
2026-10-04T19:37:41,Shipment_Confirmation_EDI,B2B_EDI_Partner,SAP_CPI,400.0,Bad Request: Request payload size 38MB exceeds maximum allowed message limit 10MB [Ref: MSG-95678],118,0.0,Validation/Data
2026-10-05T20:22:52,Shipment_Confirmation_EDI,B2B_EDI_Partner,SAP_CPI,403.0,Forbidden: Client certificate missing or not trusted in SAP CPI Keystore [Ref: MSG-39215],393,2.0,Authentication/Authorization
2026-10-05T12:28:10,General_Ledger_Batch_Post,BillingEngine,S4HANA,408.0,Request Timeout: Client connection dropped before request payload was fully received [Ref: MSG-10864],60946,1.0,Timeout
2026-10-02T13:23:38,Payment_Status_Update,Payment_Stripe,S4HANA,504.0,Gateway Timeout: HTTP read timeout after 90000ms waiting for Salesforce bulk API response [Ref: MSG-29692],79214,3.0,Timeout
2026-10-06T11:30:43,Shipment_Confirmation_EDI,B2B_EDI_Partner,SAP_CPI,401.0,SAP RFC logon rejected: Technical communication user 'RFC_CPI_COMM' is locked [Ref: MSG-53283],319,1.0,Authentication/Authorization
2026-10-01T15:02:08,Vendor_Remittance_Advice,S4HANA,Banking_API,502.0,Proxy Error: DNS lookup failed for internal host erp.corp.internal [Ref: MSG-63857],717,2.0,Connectivity
2026-10-01T13:16:59,General_Ledger_Batch_Post,BillingEngine,S4HANA,401.0,Unauthorized: Bearer token expired or invalid JWT signature during OAuth handshake [Ref: MSG-29249],506,0.0,Authentication/Authorization
2026-10-02T07:46:42,General_Ledger_Batch_Post,BillingEngine,S4HANA,500.0,Internal Server Error: NullPointerException in custom Groovy script step 'TransformOrder.groovy' line 42 [Ref: MSG-93574],323,2.0,Application/System error
2026-10-04T23:10:14,Product_Catalog_Export,S4HANA,Salesforce_CRM,500.0,Internal Server Error: OutOfMemoryError in Java mapping runtime in SAP Integration Suite [Ref: MSG-89498],4121,2.0,Application/System error
2026-10-05T16:10:46,General_Ledger_Batch_Post,BillingEngine,S4HANA,400.0,Bad Request: Request payload size 38MB exceeds maximum allowed message limit 10MB [Ref: MSG-96461],452,0.0,Validation/Data
2026-10-02T20:24:08,General_Ledger_Batch_Post,BillingEngine,S4HANA,500.0,Internal Server Error: NullPointerException in custom Groovy script step 'TransformOrder.groovy' line 42 [Ref: MSG-19023],9191,0.0,Application/System error
2026-10-01T13:30:57,Invoice_Post_Out,S4HANA,SAP_CPI,502.0,HTTP 502 Bad Gateway: Network socket prematurely closed by upstream server [Ref: MSG-89365],467,3.0,Connectivity
2026-10-06T12:57:38,Order_Create_Inbound,Shopify_Storefront,S4HANA,401.0,Unauthorized: Client credentials rejected by SAP Identity Authentication Service (IAS) [Ref: MSG-73208],321,1.0,Authentication/Authorization
2026-10-03T09:44:33,Tax_Calculation_Call,SAP_CPI,TaxEngine_Vertex,403.0,HTTP 403 Forbidden: Insufficient scopes for OAuth token on endpoint /api/v2/orders [Ref: MSG-65139],448,1.0,Authentication/Authorization
2026-10-06T07:58:48,Shipment_Confirmation_EDI,B2B_EDI_Partner,SAP_CPI,500.0,Internal Server Error: IDoc status 51 - Application document not posted due to database deadlock [Ref: MSG-55943],7231,2.0,Application/System error
2026-10-04T15:58:54,Invoice_Post_Out,S4HANA,SAP_CPI,422.0,Validation Error: Quantity must be a positive integer greater than zero for line item 10 [Ref: MSG-43360],464,0.0,Validation/Data
2026-10-02T06:47:50,Inventory_Adjustment_Feed,WMS_Manhattan,S4HANA,422.0,Validation Error: Quantity must be a positive integer greater than zero for line item 10 [Ref: MSG-34775],317,0.0,Validation/Data
2026-10-06T14:44:51,Customer_Master_Sync,Salesforce_CRM,S4HANA,408.0,HTTP 408 Request Timeout: Socket read timed out after 45000ms waiting for WMS response [Ref: MSG-59155],69304,2.0,Timeout
2026-10-05T16:16:54,Shipment_Confirmation_EDI,B2B_EDI_Partner,SAP_CPI,502.0,Proxy Error: DNS lookup failed for internal host erp.corp.internal [Ref: MSG-95403],3522,2.0,Connectivity
2026-10-07T14:26:35,Vendor_Remittance_Advice,S4HANA,Banking_API,422.0,Unprocessable Entity: Postal code 'XYZ-999' invalid format for destination country 'DE' [Ref: MSG-62095],228,0.0,Validation/Data
2026-10-04T16:19:36,Tax_Calculation_Call,SAP_CPI,TaxEngine_Vertex,504.0,Gateway Timeout: HTTP read timeout after 90000ms waiting for Salesforce bulk API response [Ref: MSG-82733],82156,2.0,Timeout
2026-10-06T15:28:50,Vendor_Remittance_Advice,S4HANA,Banking_API,400.0,Bad Request: Request payload size 38MB exceeds maximum allowed message limit 10MB [Ref: MSG-25608],500,0.0,Validation/Data
2026-10-07T18:51:35,Tax_Calculation_Call,SAP_CPI,TaxEngine_Vertex,401.0,SAP RFC logon rejected: Technical communication user 'RFC_CPI_COMM' is locked [Ref: MSG-62502],300,1.0,Authentication/Authorization
2026-10-06T08:51:05,Invoice_Post_Out,S4HANA,SAP_CPI,400.0,Bad Request: JSON schema validation error - missing mandatory field 'KUNNR' in customer payload [Ref: MSG-61000],544,0.0,Validation/Data
2026-10-01T16:14:23,Shipment_Confirmation_EDI,B2B_EDI_Partner,SAP_CPI,408.0,HTTP 408 Request Timeout: Socket read timed out after 45000ms waiting for WMS response [Ref: MSG-21552],99060,0.0,Timeout
2026-10-07T00:18:45,Shipment_Confirmation_EDI,B2B_EDI_Partner,SAP_CPI,403.0,HTTP 403 Forbidden: Insufficient scopes for OAuth token on endpoint /api/v2/orders [Ref: MSG-90473],371,3.0,Authentication/Authorization
2026-10-04T08:12:54,Vendor_Remittance_Advice,S4HANA,Banking_API,401.0,HTTP 401 Unauthorized: Invalid API key provided in header x-api-key [Ref: MSG-74797],379,1.0,Authentication/Authorization
2026-10-08T03:32:33,Payment_Status_Update,Payment_Stripe,S4HANA,422.0,Business Rule Violation: Material 'MAT-8002' marked for deletion or blocked in plant 1010 [Ref: MSG-14405],1524,0.0,Business error
2026-10-06T08:10:05,Employee_Onboarding_Event,Workday_HCM,ServiceNow,400.0,Bad Request: JSON schema validation error - missing mandatory field 'KUNNR' in customer payload [Ref: MSG-41359],322,1.0,Validation/Data
2026-10-05T02:12:33,Vendor_Remittance_Advice,S4HANA,Banking_API,422.0,Business Error: Insufficient available warehouse stock in bin A-12 for SKU 'ELEC-902' [Ref: MSG-61792],2298,0.0,Business error
2026-10-07T01:58:37,Tax_Calculation_Call,SAP_CPI,TaxEngine_Vertex,400.0,Bad Request: Invalid date format in delivery_date '2026-31-02' - expected YYYY-MM-DD [Ref: MSG-47289],321,0.0,Validation/Data
2026-10-02T22:59:25,Payment_Status_Update,Payment_Stripe,S4HANA,500.0,Internal Server Error: SAP enqueue server lock table overflow (transaction SM12) [Ref: MSG-89477],5178,1.0,Application/System error
2026-10-05T10:32:18,Tax_Calculation_Call,SAP_CPI,TaxEngine_Vertex,502.0,HTTP 502 Bad Gateway: Network socket prematurely closed by upstream server [Ref: MSG-23954],1874,2.0,Connectivity
2026-10-04T06:28:24,Tax_Calculation_Call,SAP_CPI,TaxEngine_Vertex,403.0,Forbidden: Client certificate missing or not trusted in SAP CPI Keystore [Ref: MSG-85352],292,1.0,Authentication/Authorization
2026-10-05T02:55:01,Product_Catalog_Export,S4HANA,Salesforce_CRM,422.0,Business Error: Insufficient available warehouse stock in bin A-12 for SKU 'ELEC-902' [Ref: MSG-99337],1591,0.0,Business error
2026-10-07T06:14:51,Vendor_Remittance_Advice,S4HANA,Banking_API,502.0,HTTP 502 Bad Gateway: Network socket prematurely closed by upstream server [Ref: MSG-38885],2216,2.0,Connectivity
2026-10-06T16:15:18,Tax_Calculation_Call,SAP_CPI,TaxEngine_Vertex,500.0,Internal Server Error: NullPointerException in custom Groovy script step 'TransformOrder.groovy' line 42 [Ref: MSG-11274],7072,0.0,Application/System error
2026-10-02T23:20:22,Order_Create_Inbound,Shopify_Storefront,S4HANA,400.0,Bad Request: XML parse exception - mismatched closing tag </itemRecord> at line 48 [Ref: MSG-82686],409,0.0,Validation/Data
2026-10-02T23:47:12,Warehouse_Transfer_Order,S4HANA,WMS_Manhattan,400.0,Bad Request: Request payload size 38MB exceeds maximum allowed message limit 10MB [Ref: MSG-99536],303,0.0,Validation/Data
2026-10-02T15:53:39,Payment_Status_Update,Payment_Stripe,S4HANA,503.0,Service Unavailable: Backend connection pool exhausted (max 150 active connections) [Ref: MSG-40042],2065,2.0,Connectivity
2026-10-06T23:39:00,Order_Create_Inbound,Shopify_Storefront,S4HANA,409.0,Conflict: Concurrency version conflict updating Customer Master record 'CUST-10492' [Ref: MSG-98580],1543,1.0,Business error
2026-10-05T18:31:57,Product_Catalog_Export,S4HANA,Salesforce_CRM,400.0,Bad Request: JSON schema validation error - missing mandatory field 'KUNNR' in customer payload [Ref: MSG-58653],367,1.0,Validation/Data
2026-10-08T00:17:25,Product_Catalog_Export,S4HANA,Salesforce_CRM,422.0,Business Rule Violation: Material 'MAT-8002' marked for deletion or blocked in plant 1010 [Ref: MSG-33969],2378,0.0,Business error
2026-10-05T01:02:32,Tax_Calculation_Call,SAP_CPI,TaxEngine_Vertex,400.0,Bad Request: JSON schema validation error - missing mandatory field 'KUNNR' in customer payload [Ref: MSG-65466],596,0.0,Validation/Data
2026-10-07T00:29:20,Product_Catalog_Export,S4HANA,Salesforce_CRM,422.0,"Business Rule Violation: Credit limit exceeded for customer 'ACME_CORP' (Limit: $50,000, Current Order: $68,000) [Ref: MSG-25776]",2631,0.0,Business error
2026-10-01T18:23:39,Shipment_Confirmation_EDI,B2B_EDI_Partner,SAP_CPI,401.0,SAP RFC logon rejected: Technical communication user 'RFC_CPI_COMM' is locked [Ref: MSG-86153],471,2.0,Authentication/Authorization
2026-10-05T03:21:23,Payment_Status_Update,Payment_Stripe,S4HANA,503.0,Service Unavailable: Backend connection pool exhausted (max 150 active connections) [Ref: MSG-45311],1088,1.0,Connectivity
2026-10-03T20:17:28,Warehouse_Transfer_Order,S4HANA,WMS_Manhattan,408.0,Request Timeout: Client connection dropped before request payload was fully received [Ref: MSG-58799],53393,1.0,Timeout
2026-10-07T15:35:27,Order_Create_Inbound,Shopify_Storefront,S4HANA,401.0,SAP RFC logon rejected: Technical communication user 'RFC_CPI_COMM' is locked [Ref: MSG-45382],200,2.0,Authentication/Authorization
2026-10-02T21:31:08,Product_Catalog_Export,S4HANA,Salesforce_CRM,502.0,Proxy Error: DNS lookup failed for internal host erp.corp.internal [Ref: MSG-11276],390,5.0,Connectivity
2026-10-04T01:54:36,Product_Catalog_Export,S4HANA,Salesforce_CRM,422.0,Business Error: Insufficient available warehouse stock in bin A-12 for SKU 'ELEC-902' [Ref: MSG-49326],1902,0.0,Business error
2026-10-07T16:30:53,Customer_Master_Sync,Salesforce_CRM,S4HANA,401.0,HTTP 401 Unauthorized: Invalid API key provided in header x-api-key [Ref: MSG-38241],450,1.0,Authentication/Authorization
2026-10-04T01:35:59,Inventory_Adjustment_Feed,WMS_Manhattan,S4HANA,504.0,Gateway Timeout: HTTP read timeout after 90000ms waiting for Salesforce bulk API response [Ref: MSG-57312],51637,3.0,Timeout
2026-10-08T05:38:12,Order_Create_Inbound,Shopify_Storefront,S4HANA,502.0,HTTP 502 Bad Gateway: Network socket prematurely closed by upstream server [Ref: MSG-56018],3681,2.0,Connectivity
2026-10-04T05:32:31,Inventory_Adjustment_Feed,WMS_Manhattan,S4HANA,400.0,Bad Request: Request payload size 38MB exceeds maximum allowed message limit 10MB [Ref: MSG-56544],101,0.0,Validation/Data
2026-10-03T22:40:09,Shipment_Confirmation_EDI,B2B_EDI_Partner,SAP_CPI,504.0,Gateway Timeout: Upstream SAP S/4HANA took longer than 60000ms to respond to BAPI call [Ref: MSG-90434],69199,4.0,Timeout
2026-10-06T02:25:54,Shipment_Confirmation_EDI,B2B_EDI_Partner,SAP_CPI,400.0,Bad Request: XML parse exception - mismatched closing tag </itemRecord> at line 48 [Ref: MSG-92742],281,1.0,Validation/Data
2026-10-04T04:18:45,Payment_Status_Update,Payment_Stripe,S4HANA,403.0,Forbidden: User lacks authorization for BAPI_SALESORDER_CREATEFROMDAT2 in S4HANA [Ref: MSG-51088],643,0.0,Authentication/Authorization
2026-10-07T02:33:28,Product_Catalog_Export,S4HANA,Salesforce_CRM,422.0,Unprocessable Entity: Postal code 'XYZ-999' invalid format for destination country 'DE' [Ref: MSG-57600],469,0.0,Validation/Data
2026-10-06T16:47:44,Invoice_Post_Out,S4HANA,SAP_CPI,502.0,Bad Gateway: Connection refused by target SAP S/4HANA host on port 8001 [Ref: MSG-40753],171,3.0,Connectivity
2026-10-01T23:35:03,Order_Create_Inbound,Shopify_Storefront,S4HANA,502.0,HTTP 502 Bad Gateway: Network socket prematurely closed by upstream server [Ref: MSG-22524],2618,0.0,Connectivity
2026-10-04T03:09:05,Order_Create_Inbound,Shopify_Storefront,S4HANA,504.0,Gateway Timeout: JDBC query execution timed out in database layer [Ref: MSG-23622],66640,3.0,Timeout
2026-10-06T17:28:40,Payment_Status_Update,Payment_Stripe,S4HANA,422.0,Business Rule Violation: Material 'MAT-8002' marked for deletion or blocked in plant 1010 [Ref: MSG-42426],2235,0.0,Business error
2026-10-06T19:55:58,Customer_Master_Sync,Salesforce_CRM,S4HANA,504.0,Gateway Timeout: SAP CPI worker exceeded maximum route execution timeout (120s) [Ref: MSG-14607],72215,2.0,Timeout
2026-10-05T22:08:44,Tax_Calculation_Call,SAP_CPI,TaxEngine_Vertex,504.0,Gateway Timeout: JDBC query execution timed out in database layer [Ref: MSG-45705],68358,2.0,Timeout
2026-10-05T21:33:40,Vendor_Remittance_Advice,S4HANA,Banking_API,400.0,"Bad Request: Header Content-Type 'text/plain' not acceptable, expected 'application/json' [Ref: MSG-93342]",331,0.0,Validation/Data
2026-10-02T10:28:19,Product_Catalog_Export,S4HANA,Salesforce_CRM,503.0,TCP connection reset by peer during TLS handshake with Vertex Tax Engine [Ref: MSG-80735],1180,2.0,Connectivity
2026-10-05T12:22:18,Customer_Master_Sync,Salesforce_CRM,S4HANA,503.0,Service Unavailable: Backend connection pool exhausted (max 150 active connections) [Ref: MSG-10012],1269,2.0,Connectivity
2026-10-01T21:51:18,Product_Catalog_Export,S4HANA,Salesforce_CRM,401.0,OAuth2 token refresh failed: invalid_grant - Refresh token revoked [Ref: MSG-49270],406,1.0,Authentication/Authorization
2026-10-05T21:25:15,Payment_Status_Update,Payment_Stripe,S4HANA,422.0,Business Error: Insufficient available warehouse stock in bin A-12 for SKU 'ELEC-902' [Ref: MSG-63967],2755,0.0,Business error
2026-10-03T10:27:40,Shipment_Confirmation_EDI,B2B_EDI_Partner,SAP_CPI,422.0,Validation Error: Quantity must be a positive integer greater than zero for line item 10 [Ref: MSG-38913],373,0.0,Validation/Data
2026-10-07T01:51:17,Inventory_Adjustment_Feed,WMS_Manhattan,S4HANA,422.0,Business Rule Violation: Material 'MAT-8002' marked for deletion or blocked in plant 1010 [Ref: MSG-94994],1206,0.0,Business error
2026-10-02T04:29:39,Invoice_Post_Out,S4HANA,SAP_CPI,422.0,"Business Rule Violation: Credit limit exceeded for customer 'ACME_CORP' (Limit: $50,000, Current Order: $68,000) [Ref: MSG-47957]",1724,0.0,Business error
2026-10-01T12:03:34,Payment_Status_Update,Payment_Stripe,S4HANA,400.0,"Bad Request: Header Content-Type 'text/plain' not acceptable, expected 'application/json' [Ref: MSG-52027]",458,0.0,Validation/Data
2026-10-06T22:46:00,Inventory_Adjustment_Feed,WMS_Manhattan,S4HANA,500.0,Internal Server Error: SAP enqueue server lock table overflow (transaction SM12) [Ref: MSG-26389],7735,0.0,Application/System error
2026-10-04T17:50:51,Payment_Status_Update,Payment_Stripe,S4HANA,401.0,OAuth2 token refresh failed: invalid_grant - Refresh token revoked [Ref: MSG-54815],146,1.0,Authentication/Authorization
2026-10-07T12:03:17,Employee_Onboarding_Event,Workday_HCM,ServiceNow,502.0,Bad Gateway: Connection refused by target SAP S/4HANA host on port 8001 [Ref: MSG-20515],217,3.0,Connectivity
2026-10-07T16:52:24,Invoice_Post_Out,S4HANA,SAP_CPI,401.0,OAuth2 token refresh failed: invalid_grant - Refresh token revoked [Ref: MSG-35191],533,2.0,Authentication/Authorization
2026-10-03T07:02:12,Shipment_Confirmation_EDI,B2B_EDI_Partner,SAP_CPI,401.0,SAP RFC logon rejected: Technical communication user 'RFC_CPI_COMM' is locked [Ref: MSG-68059],478,1.0,Authentication/Authorization
2026-10-06T17:59:20,Product_Catalog_Export,S4HANA,Salesforce_CRM,422.0,Business Rule Violation: SAP Posting period 09/2026 is closed in company code 1000 [Ref: MSG-61003],1450,0.0,Business error
2026-10-06T17:12:23,Inventory_Adjustment_Feed,WMS_Manhattan,S4HANA,400.0,Bad Request: Invalid date format in delivery_date '2026-31-02' - expected YYYY-MM-DD [Ref: MSG-73075],577,0.0,Validation/Data
2026-10-06T21:20:00,Order_Create_Inbound,Shopify_Storefront,S4HANA,422.0,Business Rule Violation: SAP Posting period 09/2026 is closed in company code 1000 [Ref: MSG-40928],407,0.0,Business error
2026-10-01T09:37:50,Shipment_Confirmation_EDI,B2B_EDI_Partner,SAP_CPI,502.0,Bad Gateway: SAP Cloud Connector subaccount tunnel 'hana-prd-s4' is offline [Ref: MSG-41862],3178,3.0,Connectivity
2026-10-02T13:31:05,Employee_Onboarding_Event,Workday_HCM,ServiceNow,400.0,Bad Request: Request payload size 38MB exceeds maximum allowed message limit 10MB [Ref: MSG-21728],256,0.0,Validation/Data
2026-10-06T12:44:34,Customer_Master_Sync,Salesforce_CRM,S4HANA,502.0,Bad Gateway: Connection refused by target SAP S/4HANA host on port 8001 [Ref: MSG-56598],1755,3.0,Connectivity
2026-10-08T04:48:22,Employee_Onboarding_Event,Workday_HCM,ServiceNow,401.0,SAP RFC logon rejected: Technical communication user 'RFC_CPI_COMM' is locked [Ref: MSG-83184],194,2.0,Authentication/Authorization
2026-10-04T07:08:16,Customer_Master_Sync,Salesforce_CRM,S4HANA,504.0,Gateway Timeout: SAP CPI worker exceeded maximum route execution timeout (120s) [Ref: MSG-59514],42458,4.0,Timeout
2026-10-06T06:31:12,Tax_Calculation_Call,SAP_CPI,TaxEngine_Vertex,408.0,Request Timeout: Client connection dropped before request payload was fully received [Ref: MSG-48628],61088,2.0,Timeout
2026-10-04T03:58:55,Warehouse_Transfer_Order,S4HANA,WMS_Manhattan,400.0,Bad Request: XML parse exception - mismatched closing tag </itemRecord> at line 48 [Ref: MSG-71393],281,0.0,Validation/Data
2026-10-07T16:34:23,Product_Catalog_Export,S4HANA,Salesforce_CRM,401.0,HTTP 401 Unauthorized: Invalid API key provided in header x-api-key [Ref: MSG-48754],332,1.0,Authentication/Authorization
2026-10-02T03:54:23,Warehouse_Transfer_Order,S4HANA,WMS_Manhattan,422.0,Business Error: Employee effective date cannot be prior to hiring offer acceptance date [Ref: MSG-34318],1796,1.0,Business error
2026-10-07T20:12:33,Vendor_Remittance_Advice,S4HANA,Banking_API,502.0,Bad Gateway: SAP Cloud Connector subaccount tunnel 'hana-prd-s4' is offline [Ref: MSG-80642],801,3.0,Connectivity
2026-10-03T21:41:20,General_Ledger_Batch_Post,BillingEngine,S4HANA,422.0,"Business Rule Violation: Credit limit exceeded for customer 'ACME_CORP' (Limit: $50,000, Current Order: $68,000) [Ref: MSG-47110]",1008,0.0,Business error
2026-10-02T09:12:06,Customer_Master_Sync,Salesforce_CRM,S4HANA,504.0,Gateway Timeout: Upstream SAP S/4HANA took longer than 60000ms to respond to BAPI call [Ref: MSG-27009],61535,2.0,Timeout
2026-10-06T03:44:37,Vendor_Remittance_Advice,S4HANA,Banking_API,403.0,HTTP 403 Forbidden: Insufficient scopes for OAuth token on endpoint /api/v2/orders [Ref: MSG-74213],433,0.0,Authentication/Authorization
2026-10-06T23:59:56,Customer_Master_Sync,Salesforce_CRM,S4HANA,502.0,Bad Gateway: SAP Cloud Connector subaccount tunnel 'hana-prd-s4' is offline [Ref: MSG-37359],1192,3.0,Connectivity
2026-10-06T07:56:26,Customer_Master_Sync,Salesforce_CRM,S4HANA,504.0,Timeout: Target system did not respond within configured timeout of 30000ms [Ref: MSG-57307],49742,3.0,Timeout
2026-10-05T09:46:04,General_Ledger_Batch_Post,BillingEngine,S4HANA,409.0,Conflict: Duplicate document error - Purchase Order 'PO-98231' already exists in S/4HANA [Ref: MSG-44840],2110,1.0,Business error
2026-10-02T07:14:34,Tax_Calculation_Call,SAP_CPI,TaxEngine_Vertex,401.0,SAP RFC logon rejected: Technical communication user 'RFC_CPI_COMM' is locked [Ref: MSG-22729],254,0.0,Authentication/Authorization
2026-10-03T01:47:35,General_Ledger_Batch_Post,BillingEngine,S4HANA,503.0,Service Unavailable: Target endpoint under maintenance window [Ref: MSG-91962],7071,2.0,Connectivity
2026-10-07T05:27:56,Vendor_Remittance_Advice,S4HANA,Banking_API,403.0,Forbidden: User lacks authorization for BAPI_SALESORDER_CREATEFROMDAT2 in S4HANA [Ref: MSG-70125],330,0.0,Authentication/Authorization
2026-10-06T13:34:38,Tax_Calculation_Call,SAP_CPI,TaxEngine_Vertex,422.0,Business Error: Employee effective date cannot be prior to hiring offer acceptance date [Ref: MSG-54238],3344,0.0,Business error
2026-10-07T19:26:48,Tax_Calculation_Call,SAP_CPI,TaxEngine_Vertex,503.0,TCP connection reset by peer during TLS handshake with Vertex Tax Engine [Ref: MSG-52553],233,3.0,Connectivity
2026-10-06T01:13:24,General_Ledger_Batch_Post,BillingEngine,S4HANA,422.0,Business Error: Insufficient available warehouse stock in bin A-12 for SKU 'ELEC-902' [Ref: MSG-41551],1835,1.0,Business error
2026-10-04T20:00:46,Employee_Onboarding_Event,Workday_HCM,ServiceNow,500.0,Internal Server Error: SAP enqueue server lock table overflow (transaction SM12) [Ref: MSG-69297],3043,0.0,Application/System error
2026-10-03T08:19:14,Tax_Calculation_Call,SAP_CPI,TaxEngine_Vertex,502.0,Bad Gateway: Connection refused by target SAP S/4HANA host on port 8001 [Ref: MSG-27705],2889,1.0,Connectivity
2026-10-06T02:59:36,Tax_Calculation_Call,SAP_CPI,TaxEngine_Vertex,503.0,Service Unavailable: Backend connection pool exhausted (max 150 active connections) [Ref: MSG-77013],425,1.0,Connectivity
2026-10-03T19:56:37,Invoice_Post_Out,S4HANA,SAP_CPI,403.0,Forbidden: User lacks authorization for BAPI_SALESORDER_CREATEFROMDAT2 in S4HANA [Ref: MSG-28141],430,0.0,Authentication/Authorization
2026-10-05T02:58:13,Order_Create_Inbound,Shopify_Storefront,S4HANA,503.0,Service Unavailable: Backend connection pool exhausted (max 150 active connections) [Ref: MSG-84774],403,3.0,Connectivity
2026-10-08T06:44:36,Invoice_Post_Out,S4HANA,SAP_CPI,400.0,"Bad Request: Header Content-Type 'text/plain' not acceptable, expected 'application/json' [Ref: MSG-73999]",445,0.0,Validation/Data
2026-10-04T10:49:03,Customer_Master_Sync,Salesforce_CRM,S4HANA,403.0,Forbidden: Client certificate missing or not trusted in SAP CPI Keystore [Ref: MSG-85534],284,3.0,Authentication/Authorization
2026-10-07T15:47:41,Shipment_Confirmation_EDI,B2B_EDI_Partner,SAP_CPI,502.0,HTTP 502 Bad Gateway: Network socket prematurely closed by upstream server [Ref: MSG-25799],1148,3.0,Connectivity
2026-10-01T17:33:02,Vendor_Remittance_Advice,S4HANA,Banking_API,500.0,Internal Server Error: Database transaction rollback triggered by unhandled exception [Ref: MSG-60133],8471,0.0,Application/System error
2026-10-02T09:43:46,Tax_Calculation_Call,SAP_CPI,TaxEngine_Vertex,400.0,Bad Request: XML parse exception - mismatched closing tag </itemRecord> at line 48 [Ref: MSG-38940],60,1.0,Validation/Data
2026-10-05T10:14:27,General_Ledger_Batch_Post,BillingEngine,S4HANA,500.0,HTTP 500: System crash occurred during large batch file processing in middleware worker [Ref: MSG-85399],100,0.0,Application/System error
2026-10-05T02:47:03,Employee_Onboarding_Event,Workday_HCM,ServiceNow,504.0,Gateway Timeout: SAP CPI worker exceeded maximum route execution timeout (120s) [Ref: MSG-20819],46390,2.0,Timeout
2026-10-08T06:08:48,Tax_Calculation_Call,SAP_CPI,TaxEngine_Vertex,502.0,HTTP 502 Bad Gateway: Network socket prematurely closed by upstream server [Ref: MSG-66949],1134,1.0,Connectivity
2026-10-05T14:35:39,Shipment_Confirmation_EDI,B2B_EDI_Partner,SAP_CPI,400.0,"Bad Request: Header Content-Type 'text/plain' not acceptable, expected 'application/json' [Ref: MSG-95491]",398,1.0,Validation/Data
2026-10-07T21:20:43,Order_Create_Inbound,Shopify_Storefront,S4HANA,504.0,Gateway Timeout: SAP CPI worker exceeded maximum route execution timeout (120s) [Ref: MSG-44898],59428,4.0,Timeout
2026-10-03T14:20:22,Shipment_Confirmation_EDI,B2B_EDI_Partner,SAP_CPI,403.0,HTTP 403 Forbidden: Insufficient scopes for OAuth token on endpoint /api/v2/orders [Ref: MSG-57876],181,1.0,Authentication/Authorization
2026-10-05T22:39:09,Invoice_Post_Out,S4HANA,SAP_CPI,403.0,Forbidden: Client certificate missing or not trusted in SAP CPI Keystore [Ref: MSG-55838],256,1.0,Authentication/Authorization
2026-10-03T12:48:46,Payment_Status_Update,Payment_Stripe,S4HANA,500.0,Internal Server Error: OutOfMemoryError in Java mapping runtime in SAP Integration Suite [Ref: MSG-99831],2223,2.0,Application/System error
2026-10-02T17:00:21,Payment_Status_Update,Payment_Stripe,S4HANA,401.0,Unauthorized: Bearer token expired or invalid JWT signature during OAuth handshake [Ref: MSG-91396],560,1.0,Authentication/Authorization
2026-10-03T14:47:34,Product_Catalog_Export,S4HANA,Salesforce_CRM,401.0,OAuth2 token refresh failed: invalid_grant - Refresh token revoked [Ref: MSG-12981],462,0.0,Authentication/Authorization
2026-10-06T07:09:44,Tax_Calculation_Call,SAP_CPI,TaxEngine_Vertex,422.0,Unprocessable Entity: Postal code 'XYZ-999' invalid format for destination country 'DE' [Ref: MSG-73311],640,0.0,Validation/Data
2026-10-01T17:12:50,Inventory_Adjustment_Feed,WMS_Manhattan,S4HANA,401.0,Unauthorized: Bearer token expired or invalid JWT signature during OAuth handshake [Ref: MSG-32324],436,1.0,Authentication/Authorization
2026-10-01T20:42:17,Vendor_Remittance_Advice,S4HANA,Banking_API,503.0,Service Unavailable: Circuit breaker open for downstream payment service [Ref: MSG-11092],173,3.0,Connectivity
2026-10-04T04:24:14,Order_Create_Inbound,Shopify_Storefront,S4HANA,500.0,Internal Server Error: SAP enqueue server lock table overflow (transaction SM12) [Ref: MSG-12500],2177,3.0,Application/System error
2026-10-05T03:34:05,Order_Create_Inbound,Shopify_Storefront,S4HANA,504.0,Timeout: Target system did not respond within configured timeout of 30000ms [Ref: MSG-51347],66481,1.0,Timeout
2026-10-01T15:59:33,Tax_Calculation_Call,SAP_CPI,TaxEngine_Vertex,408.0,Request Timeout: Client connection dropped before request payload was fully received [Ref: MSG-12816],63044,2.0,Timeout
2026-10-04T05:22:22,Invoice_Post_Out,S4HANA,SAP_CPI,504.0,Timeout: Target system did not respond within configured timeout of 30000ms [Ref: MSG-12408],72507,3.0,Timeout
2026-10-03T20:56:52,Customer_Master_Sync,Salesforce_CRM,S4HANA,503.0,Service Unavailable: Backend connection pool exhausted (max 150 active connections) [Ref: MSG-92023],476,5.0,Connectivity
2026-10-03T20:42:08,Payment_Status_Update,Payment_Stripe,S4HANA,500.0,Internal Server Error: SAP enqueue server lock table overflow (transaction SM12) [Ref: MSG-29884],2366,0.0,Application/System error
2026-10-06T15:26:15,General_Ledger_Batch_Post,BillingEngine,S4HANA,504.0,Timeout: Target system did not respond within configured timeout of 30000ms [Ref: MSG-91988],61395,2.0,Timeout
2026-10-05T01:08:13,General_Ledger_Batch_Post,BillingEngine,S4HANA,504.0,Gateway Timeout: HTTP read timeout after 90000ms waiting for Salesforce bulk API response [Ref: MSG-53160],59377,3.0,Timeout
2026-10-07T06:57:33,Invoice_Post_Out,S4HANA,SAP_CPI,422.0,Unprocessable Entity: Currency code 'USDD' is not ISO-4217 compliant [Ref: MSG-50501],556,1.0,Validation/Data
2026-10-05T13:20:04,Invoice_Post_Out,S4HANA,SAP_CPI,504.0,Gateway Timeout: JDBC query execution timed out in database layer [Ref: MSG-96013],71663,2.0,Timeout
2026-10-07T12:46:01,Invoice_Post_Out,S4HANA,SAP_CPI,500.0,Internal Server Error: SAP ABAP runtime dump 'DYNPRO_NOT_FOUND' in function module /SAPAPO/BAPI [Ref: MSG-51628],4097,2.0,Application/System error
2026-10-05T07:59:52,Shipment_Confirmation_EDI,B2B_EDI_Partner,SAP_CPI,422.0,Business Error: Employee effective date cannot be prior to hiring offer acceptance date [Ref: MSG-49760],2495,1.0,Business error
2026-10-01T12:11:01,Invoice_Post_Out,S4HANA,SAP_CPI,500.0,Internal Server Error: SAP enqueue server lock table overflow (transaction SM12) [Ref: MSG-34632],2297,2.0,Application/System error
2026-10-05T15:38:14,General_Ledger_Batch_Post,BillingEngine,S4HANA,422.0,Unprocessable Entity: Postal code 'XYZ-999' invalid format for destination country 'DE' [Ref: MSG-84323],542,0.0,Validation/Data
2026-10-03T00:54:38,Warehouse_Transfer_Order,S4HANA,WMS_Manhattan,401.0,Unauthorized: Client credentials rejected by SAP Identity Authentication Service (IAS) [Ref: MSG-72469],421,1.0,Authentication/Authorization
2026-10-04T12:10:12,Shipment_Confirmation_EDI,B2B_EDI_Partner,SAP_CPI,400.0,Bad Request: Request payload size 38MB exceeds maximum allowed message limit 10MB [Ref: MSG-74414],403,0.0,Validation/Data
2026-10-03T07:42:12,Inventory_Adjustment_Feed,WMS_Manhattan,S4HANA,504.0,Gateway Timeout: Upstream SAP S/4HANA took longer than 60000ms to respond to BAPI call [Ref: MSG-64138],69891,3.0,Timeout
2026-10-06T18:55:29,General_Ledger_Batch_Post,BillingEngine,S4HANA,401.0,OAuth2 token refresh failed: invalid_grant - Refresh token revoked [Ref: MSG-74217],199,2.0,Authentication/Authorization
2026-10-06T20:46:20,Customer_Master_Sync,Salesforce_CRM,S4HANA,504.0,Gateway Timeout: JDBC query execution timed out in database layer [Ref: MSG-89682],78860,2.0,Timeout
2026-10-06T04:56:45,General_Ledger_Batch_Post,BillingEngine,S4HANA,500.0,Internal Server Error: NullPointerException in custom Groovy script step 'TransformOrder.groovy' line 42 [Ref: MSG-80275],4537,2.0,Application/System error
2026-10-03T00:34:25,Product_Catalog_Export,S4HANA,Salesforce_CRM,408.0,Request Timeout: Client connection dropped before request payload was fully received [Ref: MSG-15559],57159,5.0,Timeout
2026-10-01T14:18:28,Tax_Calculation_Call,SAP_CPI,TaxEngine_Vertex,403.0,HTTP 403 Forbidden: Insufficient scopes for OAuth token on endpoint /api/v2/orders [Ref: MSG-92660],475,0.0,Authentication/Authorization
2026-10-04T17:39:58,Product_Catalog_Export,S4HANA,Salesforce_CRM,503.0,Service Unavailable: Backend connection pool exhausted (max 150 active connections) [Ref: MSG-31821],510,0.0,Connectivity
2026-10-04T10:46:32,Product_Catalog_Export,S4HANA,Salesforce_CRM,504.0,Gateway Timeout: SAP CPI worker exceeded maximum route execution timeout (120s) [Ref: MSG-94685],84736,1.0,Timeout
2026-10-03T22:01:11,Shipment_Confirmation_EDI,B2B_EDI_Partner,SAP_CPI,422.0,"Business Rule Violation: Credit limit exceeded for customer 'ACME_CORP' (Limit: $50,000, Current Order: $68,000) [Ref: MSG-64206]",748,0.0,Business error
2026-10-03T18:44:41,Product_Catalog_Export,S4HANA,Salesforce_CRM,422.0,Business Rule Violation: SAP Posting period 09/2026 is closed in company code 1000 [Ref: MSG-21820],2253,1.0,Business error
2026-10-06T22:40:23,Order_Create_Inbound,Shopify_Storefront,S4HANA,409.0,Conflict: Concurrency version conflict updating Customer Master record 'CUST-10492' [Ref: MSG-24963],952,0.0,Business error
2026-10-04T09:49:10,Shipment_Confirmation_EDI,B2B_EDI_Partner,SAP_CPI,400.0,Bad Request: Request payload size 38MB exceeds maximum allowed message limit 10MB [Ref: MSG-82134],637,1.0,Validation/Data
2026-10-03T06:03:26,Invoice_Post_Out,S4HANA,SAP_CPI,400.0,Bad Request: Request payload size 38MB exceeds maximum allowed message limit 10MB [Ref: MSG-28953],124,0.0,Validation/Data
2026-10-02T11:57:08,Inventory_Adjustment_Feed,WMS_Manhattan,S4HANA,400.0,"Bad Request: Header Content-Type 'text/plain' not acceptable, expected 'application/json' [Ref: MSG-92110]",186,1.0,Validation/Data
2026-10-04T23:34:51,Customer_Master_Sync,Salesforce_CRM,S4HANA,403.0,Forbidden: Client certificate missing or not trusted in SAP CPI Keystore [Ref: MSG-70115],284,0.0,Authentication/Authorization
2026-10-06T23:29:26,Payment_Status_Update,Payment_Stripe,S4HANA,422.0,Business Rule Violation: SAP Posting period 09/2026 is closed in company code 1000 [Ref: MSG-87183],2383,0.0,Business error
2026-10-04T03:40:35,Payment_Status_Update,Payment_Stripe,S4HANA,400.0,Bad Request: JSON schema validation error - missing mandatory field 'KUNNR' in customer payload [Ref: MSG-81741],445,0.0,Validation/Data
2026-10-06T19:02:09,Invoice_Post_Out,S4HANA,SAP_CPI,502.0,Proxy Error: DNS lookup failed for internal host erp.corp.internal [Ref: MSG-17217],2080,4.0,Connectivity
2026-10-01T11:26:11,Employee_Onboarding_Event,Workday_HCM,ServiceNow,422.0,Unprocessable Entity: Postal code 'XYZ-999' invalid format for destination country 'DE' [Ref: MSG-21495],395,0.0,Validation/Data
2026-10-03T09:05:49,Product_Catalog_Export,S4HANA,Salesforce_CRM,502.0,Proxy Error: DNS lookup failed for internal host erp.corp.internal [Ref: MSG-85886],525,1.0,Connectivity
2026-10-08T01:04:18,Order_Create_Inbound,Shopify_Storefront,S4HANA,502.0,HTTP 502 Bad Gateway: Network socket prematurely closed by upstream server [Ref: MSG-66010],1086,2.0,Connectivity
2026-10-05T00:13:44,Employee_Onboarding_Event,Workday_HCM,ServiceNow,403.0,Forbidden: Client certificate missing or not trusted in SAP CPI Keystore [Ref: MSG-79081],343,0.0,Authentication/Authorization
2026-10-08T06:18:27,Product_Catalog_Export,S4HANA,Salesforce_CRM,401.0,Unauthorized: Client credentials rejected by SAP Identity Authentication Service (IAS) [Ref: MSG-89269],188,1.0,Authentication/Authorization
2026-10-05T23:33:46,Invoice_Post_Out,S4HANA,SAP_CPI,503.0,TCP connection reset by peer during TLS handshake with Vertex Tax Engine [Ref: MSG-90516],330,3.0,Connectivity
2026-10-06T17:12:00,General_Ledger_Batch_Post,BillingEngine,S4HANA,504.0,Gateway Timeout: SAP CPI worker exceeded maximum route execution timeout (120s) [Ref: MSG-40503],76148,1.0,Timeout
2026-10-08T03:26:26,Order_Create_Inbound,Shopify_Storefront,S4HANA,504.0,Gateway Timeout: JDBC query execution timed out in database layer [Ref: MSG-37175],45673,0.0,Timeout
2026-10-03T06:18:16,Customer_Master_Sync,Salesforce_CRM,S4HANA,503.0,Service Unavailable: Target endpoint under maintenance window [Ref: MSG-93967],531,3.0,Connectivity
2026-10-06T18:21:25,Customer_Master_Sync,Salesforce_CRM,S4HANA,503.0,TCP connection reset by peer during TLS handshake with Vertex Tax Engine [Ref: MSG-24920],172,3.0,Connectivity
2026-10-03T18:59:43,Invoice_Post_Out,S4HANA,SAP_CPI,400.0,Bad Request: JSON schema validation error - missing mandatory field 'KUNNR' in customer payload [Ref: MSG-35430],465,0.0,Validation/Data
2026-10-04T12:40:29,Vendor_Remittance_Advice,S4HANA,Banking_API,504.0,Gateway Timeout: Upstream SAP S/4HANA took longer than 60000ms to respond to BAPI call [Ref: MSG-27793],40556,4.0,Timeout
2026-10-06T09:53:33,Product_Catalog_Export,S4HANA,Salesforce_CRM,504.0,Gateway Timeout: HTTP read timeout after 90000ms waiting for Salesforce bulk API response [Ref: MSG-64257],73277,1.0,Timeout
2026-10-01T14:36:43,Tax_Calculation_Call,SAP_CPI,TaxEngine_Vertex,400.0,Bad Request: XML parse exception - mismatched closing tag </itemRecord> at line 48 [Ref: MSG-80239],750,0.0,Validation/Data
2026-10-02T16:53:01,Employee_Onboarding_Event,Workday_HCM,ServiceNow,500.0,HTTP 500: System crash occurred during large batch file processing in middleware worker [Ref: MSG-18678],6793,0.0,Application/System error
2026-10-04T13:38:07,General_Ledger_Batch_Post,BillingEngine,S4HANA,502.0,Proxy Error: DNS lookup failed for internal host erp.corp.internal [Ref: MSG-89388],2274,4.0,Connectivity
2026-10-03T21:05:31,Warehouse_Transfer_Order,S4HANA,WMS_Manhattan,400.0,Bad Request: XML parse exception - mismatched closing tag </itemRecord> at line 48 [Ref: MSG-14145],488,0.0,Validation/Data
2026-10-03T13:07:23,Payment_Status_Update,Payment_Stripe,S4HANA,503.0,Service Unavailable: Backend connection pool exhausted (max 150 active connections) [Ref: MSG-78825],1251,3.0,Connectivity
2026-10-01T23:57:32,Product_Catalog_Export,S4HANA,Salesforce_CRM,409.0,Conflict: Concurrency version conflict updating Customer Master record 'CUST-10492' [Ref: MSG-76321],2389,0.0,Business error
2026-10-03T18:09:49,Warehouse_Transfer_Order,S4HANA,WMS_Manhattan,503.0,Service Unavailable: Circuit breaker open for downstream payment service [Ref: MSG-78632],1462,4.0,Connectivity
2026-10-04T20:45:55,Payment_Status_Update,Payment_Stripe,S4HANA,422.0,"Business Rule Violation: Credit limit exceeded for customer 'ACME_CORP' (Limit: $50,000, Current Order: $68,000) [Ref: MSG-14791]",695,0.0,Business error
2026-10-07T10:21:29,Vendor_Remittance_Advice,S4HANA,Banking_API,401.0,Unauthorized: Bearer token expired or invalid JWT signature during OAuth handshake [Ref: MSG-87894],196,2.0,Authentication/Authorization
2026-10-07T17:40:57,Customer_Master_Sync,Salesforce_CRM,S4HANA,403.0,Forbidden: Client certificate missing or not trusted in SAP CPI Keystore [Ref: MSG-85701],275,0.0,Authentication/Authorization
2026-10-03T22:42:07,Inventory_Adjustment_Feed,WMS_Manhattan,S4HANA,503.0,Service Unavailable: Backend connection pool exhausted (max 150 active connections) [Ref: MSG-79766],368,1.0,Connectivity
2026-10-06T00:06:13,Customer_Master_Sync,Salesforce_CRM,S4HANA,401.0,Unauthorized: Client credentials rejected by SAP Identity Authentication Service (IAS) [Ref: MSG-91650],353,1.0,Authentication/Authorization
2026-10-05T15:10:04,Invoice_Post_Out,S4HANA,SAP_CPI,422.0,Unprocessable Entity: Postal code 'XYZ-999' invalid format for destination country 'DE' [Ref: MSG-47128],397,0.0,Validation/Data
2026-10-01T23:57:43,Customer_Master_Sync,Salesforce_CRM,S4HANA,409.0,Business Conflict: Invoice matching failed - PO line item amount mismatch greater than 2% tolerance [Ref: MSG-27049],1919,0.0,Business error
2026-10-03T06:38:57,Shipment_Confirmation_EDI,B2B_EDI_Partner,SAP_CPI,504.0,Gateway Timeout: Upstream SAP S/4HANA took longer than 60000ms to respond to BAPI call [Ref: MSG-61369],43484,2.0,Timeout
2026-10-03T18:52:12,General_Ledger_Batch_Post,BillingEngine,S4HANA,409.0,Business Conflict: Invoice matching failed - PO line item amount mismatch greater than 2% tolerance [Ref: MSG-56612],2148,0.0,Business error
2026-10-02T10:52:51,Product_Catalog_Export,S4HANA,Salesforce_CRM,400.0,Bad Request: Invalid date format in delivery_date '2026-31-02' - expected YYYY-MM-DD [Ref: MSG-84421],221,1.0,Validation/Data
2026-10-07T06:49:29,Inventory_Adjustment_Feed,WMS_Manhattan,S4HANA,408.0,Request Timeout: Client connection dropped before request payload was fully received [Ref: MSG-99715],53023,2.0,Timeout
2026-10-03T20:11:44,General_Ledger_Batch_Post,BillingEngine,S4HANA,500.0,Internal Server Error: OutOfMemoryError in Java mapping runtime in SAP Integration Suite [Ref: MSG-43823],8353,3.0,Application/System error
2026-10-01T10:30:07,Product_Catalog_Export,S4HANA,Salesforce_CRM,503.0,TCP connection reset by peer during TLS handshake with Vertex Tax Engine [Ref: MSG-73898],573,2.0,Connectivity
2026-10-06T02:08:32,Inventory_Adjustment_Feed,WMS_Manhattan,S4HANA,504.0,Gateway Timeout: SAP CPI worker exceeded maximum route execution timeout (120s) [Ref: MSG-55693],51743,1.0,Timeout
2026-10-06T10:50:19,Employee_Onboarding_Event,Workday_HCM,ServiceNow,409.0,Conflict: Concurrency version conflict updating Customer Master record 'CUST-10492' [Ref: MSG-82895],1230,0.0,Business error
2026-10-03T01:10:30,Payment_Status_Update,Payment_Stripe,S4HANA,408.0,Request Timeout: Client connection dropped before request payload was fully received [Ref: MSG-91379],104485,2.0,Timeout
2026-10-07T18:34:44,Shipment_Confirmation_EDI,B2B_EDI_Partner,SAP_CPI,502.0,HTTP 502 Bad Gateway: Network socket prematurely closed by upstream server [Ref: MSG-84345],1457,1.0,Connectivity
2026-10-07T23:07:37,Warehouse_Transfer_Order,S4HANA,WMS_Manhattan,400.0,Bad Request: Invalid date format in delivery_date '2026-31-02' - expected YYYY-MM-DD [Ref: MSG-85260],464,0.0,Validation/Data
2026-10-03T20:04:38,Product_Catalog_Export,S4HANA,Salesforce_CRM,502.0,Bad Gateway: SAP Cloud Connector subaccount tunnel 'hana-prd-s4' is offline [Ref: MSG-33091],440,1.0,Connectivity
2026-10-07T05:03:05,Employee_Onboarding_Event,Workday_HCM,ServiceNow,422.0,Business Error: Employee effective date cannot be prior to hiring offer acceptance date [Ref: MSG-74788],1907,0.0,Business error
2026-10-02T22:34:18,Invoice_Post_Out,S4HANA,SAP_CPI,401.0,Unauthorized: Bearer token expired or invalid JWT signature during OAuth handshake [Ref: MSG-96623],280,0.0,Authentication/Authorization
2026-10-03T17:36:50,Payment_Status_Update,Payment_Stripe,S4HANA,422.0,Unprocessable Entity: Currency code 'USDD' is not ISO-4217 compliant [Ref: MSG-99327],468,1.0,Validation/Data
2026-10-02T02:00:39,Warehouse_Transfer_Order,S4HANA,WMS_Manhattan,502.0,HTTP 502 Bad Gateway: Network socket prematurely closed by upstream server [Ref: MSG-55123],973,5.0,Connectivity
2026-10-04T01:03:00,Inventory_Adjustment_Feed,WMS_Manhattan,S4HANA,504.0,Gateway Timeout: SAP CPI worker exceeded maximum route execution timeout (120s) [Ref: MSG-18180],39656,3.0,Timeout
2026-10-07T08:15:27,Order_Create_Inbound,Shopify_Storefront,S4HANA,422.0,Business Error: Insufficient available warehouse stock in bin A-12 for SKU 'ELEC-902' [Ref: MSG-46989],2392,0.0,Business error
2026-10-04T20:27:34,Warehouse_Transfer_Order,S4HANA,WMS_Manhattan,504.0,Gateway Timeout: HTTP read timeout after 90000ms waiting for Salesforce bulk API response [Ref: MSG-60173],59717,1.0,Timeout
2026-10-04T19:53:26,Payment_Status_Update,Payment_Stripe,S4HANA,401.0,HTTP 401 Unauthorized: Invalid API key provided in header x-api-key [Ref: MSG-82800],379,0.0,Authentication/Authorization
2026-10-02T04:01:09,Invoice_Post_Out,S4HANA,SAP_CPI,999.0,General anomaly detected: undefined status without protocol description [Ref: MSG-11520],5449,2.0,Unknown
2026-10-03T04:51:26,Invoice_Post_Out,S4HANA,SAP_CPI,408.0,Request Timeout: Client connection dropped before request payload was fully received [Ref: MSG-21097],59977,4.0,Timeout
2026-10-05T00:27:35,General_Ledger_Batch_Post,BillingEngine,S4HANA,422.0,Business Error: Employee effective date cannot be prior to hiring offer acceptance date [Ref: MSG-33566],2985,1.0,Business error
2026-10-05T08:36:31,Invoice_Post_Out,S4HANA,SAP_CPI,504.0,Gateway Timeout: SAP CPI worker exceeded maximum route execution timeout (120s) [Ref: MSG-65675],64291,3.0,Timeout
2026-10-05T19:02:02,Shipment_Confirmation_EDI,B2B_EDI_Partner,SAP_CPI,503.0,Service Unavailable: Backend connection pool exhausted (max 150 active connections) [Ref: MSG-81587],834,2.0,Connectivity
2026-10-06T10:09:46,General_Ledger_Batch_Post,BillingEngine,S4HANA,400.0,Bad Request: Invalid date format in delivery_date '2026-31-02' - expected YYYY-MM-DD [Ref: MSG-73115],556,0.0,Validation/Data
2026-10-02T00:56:39,Product_Catalog_Export,S4HANA,Salesforce_CRM,0.0,Raw socket disconnect with unknown termination reason [Ref: MSG-77757],3593,0.0,Unknown
2026-10-02T05:40:34,Vendor_Remittance_Advice,S4HANA,Banking_API,504.0,Timeout: Target system did not respond within configured timeout of 30000ms [Ref: MSG-97650],74486,3.0,Timeout
2026-10-07T08:30:29,Employee_Onboarding_Event,Workday_HCM,ServiceNow,502.0,Bad Gateway: Connection refused by target SAP S/4HANA host on port 8001 [Ref: MSG-80127],531,2.0,Connectivity
2026-10-03T17:18:10,Employee_Onboarding_Event,Workday_HCM,ServiceNow,504.0,Timeout: Target system did not respond within configured timeout of 30000ms [Ref: MSG-65183],79588,0.0,Timeout
2026-10-03T09:40:30,Inventory_Adjustment_Feed,WMS_Manhattan,S4HANA,500.0,Internal Server Error: Database transaction rollback triggered by unhandled exception [Ref: MSG-83886],592,1.0,Application/System error
2026-10-01T17:31:05,Warehouse_Transfer_Order,S4HANA,WMS_Manhattan,422.0,Unprocessable Entity: Postal code 'XYZ-999' invalid format for destination country 'DE' [Ref: MSG-91830],621,0.0,Validation/Data
2026-10-05T16:17:54,Inventory_Adjustment_Feed,WMS_Manhattan,S4HANA,403.0,Forbidden: Client certificate missing or not trusted in SAP CPI Keystore [Ref: MSG-27372],191,0.0,Authentication/Authorization
2026-10-06T22:23:51,General_Ledger_Batch_Post,BillingEngine,S4HANA,400.0,Bad Request: Request payload size 38MB exceeds maximum allowed message limit 10MB [Ref: MSG-29809],416,0.0,Validation/Data
2026-10-08T00:55:02,Product_Catalog_Export,S4HANA,Salesforce_CRM,422.0,Business Rule Violation: SAP Posting period 09/2026 is closed in company code 1000 [Ref: MSG-33699],2438,0.0,Business error
2026-10-07T23:48:26,General_Ledger_Batch_Post,BillingEngine,S4HANA,401.0,HTTP 401 Unauthorized: Invalid API key provided in header x-api-key [Ref: MSG-30204],364,2.0,Authentication/Authorization
2026-10-02T14:36:46,Warehouse_Transfer_Order,S4HANA,WMS_Manhattan,503.0,Service Unavailable: Circuit breaker open for downstream payment service [Ref: MSG-93568],1731,3.0,Connectivity
2026-10-02T22:25:30,Order_Create_Inbound,Shopify_Storefront,S4HANA,403.0,Forbidden: Client certificate missing or not trusted in SAP CPI Keystore [Ref: MSG-16884],417,0.0,Authentication/Authorization
2026-10-06T20:30:16,Shipment_Confirmation_EDI,B2B_EDI_Partner,SAP_CPI,422.0,Unprocessable Entity: Currency code 'USDD' is not ISO-4217 compliant [Ref: MSG-99589],612,0.0,Validation/Data
2026-10-05T05:20:33,Inventory_Adjustment_Feed,WMS_Manhattan,S4HANA,409.0,Conflict: Duplicate document error - Purchase Order 'PO-98231' already exists in S/4HANA [Ref: MSG-68827],2300,0.0,Business error
2026-10-06T16:21:17,Shipment_Confirmation_EDI,B2B_EDI_Partner,SAP_CPI,403.0,Forbidden: User lacks authorization for BAPI_SALESORDER_CREATEFROMDAT2 in S4HANA [Ref: MSG-90017],405,0.0,Authentication/Authorization
2026-10-06T15:46:43,Product_Catalog_Export,S4HANA,Salesforce_CRM,403.0,HTTP 403 Forbidden: Insufficient scopes for OAuth token on endpoint /api/v2/orders [Ref: MSG-98511],341,1.0,Authentication/Authorization
2026-10-04T01:00:43,Vendor_Remittance_Advice,S4HANA,Banking_API,503.0,TCP connection reset by peer during TLS handshake with Vertex Tax Engine [Ref: MSG-33582],450,0.0,Connectivity
2026-10-02T05:28:22,Order_Create_Inbound,Shopify_Storefront,S4HANA,403.0,HTTP 403 Forbidden: Insufficient scopes for OAuth token on endpoint /api/v2/orders [Ref: MSG-78847],150,0.0,Authentication/Authorization
2026-10-05T10:03:38,Customer_Master_Sync,Salesforce_CRM,S4HANA,503.0,Service Unavailable: Target endpoint under maintenance window [Ref: MSG-13106],5424,3.0,Connectivity
2026-10-02T03:08:24,Warehouse_Transfer_Order,S4HANA,WMS_Manhattan,409.0,Conflict: Concurrency version conflict updating Customer Master record 'CUST-10492' [Ref: MSG-25725],2057,0.0,Business error
2026-10-03T17:29:42,Order_Create_Inbound,Shopify_Storefront,S4HANA,422.0,"Business Rule Violation: Credit limit exceeded for customer 'ACME_CORP' (Limit: $50,000, Current Order: $68,000) [Ref: MSG-34151]",1924,1.0,Business error
2026-10-07T18:16:10,Shipment_Confirmation_EDI,B2B_EDI_Partner,SAP_CPI,422.0,Unprocessable Entity: Postal code 'XYZ-999' invalid format for destination country 'DE' [Ref: MSG-97500],490,0.0,Validation/Data
2026-10-03T09:16:52,Shipment_Confirmation_EDI,B2B_EDI_Partner,SAP_CPI,502.0,Bad Gateway: Connection refused by target SAP S/4HANA host on port 8001 [Ref: MSG-60933],3115,1.0,Connectivity
2026-10-04T13:41:31,Payment_Status_Update,Payment_Stripe,S4HANA,408.0,Request Timeout: Client connection dropped before request payload was fully received [Ref: MSG-89993],45848,1.0,Timeout
2026-10-06T11:58:28,Payment_Status_Update,Payment_Stripe,S4HANA,422.0,Validation Error: Quantity must be a positive integer greater than zero for line item 10 [Ref: MSG-90473],516,0.0,Validation/Data
2026-10-06T16:49:28,Order_Create_Inbound,Shopify_Storefront,S4HANA,401.0,Unauthorized: Client credentials rejected by SAP Identity Authentication Service (IAS) [Ref: MSG-84887],324,0.0,Authentication/Authorization
2026-10-02T05:24:17,Vendor_Remittance_Advice,S4HANA,Banking_API,504.0,Timeout: Target system did not respond within configured timeout of 30000ms [Ref: MSG-10113],81936,1.0,Timeout
2026-10-06T06:49:31,General_Ledger_Batch_Post,BillingEngine,S4HANA,502.0,HTTP 502 Bad Gateway: Network socket prematurely closed by upstream server [Ref: MSG-10485],2383,2.0,Connectivity
2026-10-02T08:24:44,Order_Create_Inbound,Shopify_Storefront,S4HANA,504.0,Timeout: Target system did not respond within configured timeout of 30000ms [Ref: MSG-80795],63793,3.0,Timeout
2026-10-04T05:19:25,Tax_Calculation_Call,SAP_CPI,TaxEngine_Vertex,408.0,HTTP 408 Request Timeout: Socket read timed out after 45000ms waiting for WMS response [Ref: MSG-57044],79074,0.0,Timeout
2026-10-07T18:05:53,Employee_Onboarding_Event,Workday_HCM,ServiceNow,599.0,Unrecognized vendor response code 9999 from legacy gateway [Ref: MSG-80074],3709,1.0,Unknown
2026-10-01T20:42:12,Invoice_Post_Out,S4HANA,SAP_CPI,422.0,Business Rule Violation: SAP Posting period 09/2026 is closed in company code 1000 [Ref: MSG-82676],1857,0.0,Business error
2026-10-04T10:56:40,Vendor_Remittance_Advice,S4HANA,Banking_API,504.0,Gateway Timeout: Upstream SAP S/4HANA took longer than 60000ms to respond to BAPI call [Ref: MSG-57089],58065,2.0,Timeout
2026-10-07T02:15:31,Payment_Status_Update,Payment_Stripe,S4HANA,502.0,Bad Gateway: Connection refused by target SAP S/4HANA host on port 8001 [Ref: MSG-13324],463,2.0,Connectivity
2026-10-07T22:01:02,Product_Catalog_Export,S4HANA,Salesforce_CRM,422.0,Business Rule Violation: Material 'MAT-8002' marked for deletion or blocked in plant 1010 [Ref: MSG-79984],1174,0.0,Business error
2026-10-03T04:42:33,Shipment_Confirmation_EDI,B2B_EDI_Partner,SAP_CPI,502.0,Bad Gateway: Connection refused by target SAP S/4HANA host on port 8001 [Ref: MSG-25491],1698,2.0,Connectivity
2026-10-02T10:02:47,Warehouse_Transfer_Order,S4HANA,WMS_Manhattan,400.0,Bad Request: Request payload size 38MB exceeds maximum allowed message limit 10MB [Ref: MSG-85936],641,0.0,Validation/Data
2026-10-03T06:41:08,General_Ledger_Batch_Post,BillingEngine,S4HANA,400.0,"Bad Request: Header Content-Type 'text/plain' not acceptable, expected 'application/json' [Ref: MSG-16003]",421,0.0,Validation/Data
2026-10-05T13:53:37,Order_Create_Inbound,Shopify_Storefront,S4HANA,422.0,Unprocessable Entity: Postal code 'XYZ-999' invalid format for destination country 'DE' [Ref: MSG-69793],384,0.0,Validation/Data
2026-10-08T03:14:04,Product_Catalog_Export,S4HANA,Salesforce_CRM,409.0,Conflict: Concurrency version conflict updating Customer Master record 'CUST-10492' [Ref: MSG-87984],2668,1.0,Business error
2026-10-04T18:07:43,Warehouse_Transfer_Order,S4HANA,WMS_Manhattan,504.0,Gateway Timeout: JDBC query execution timed out in database layer [Ref: MSG-98918],67948,2.0,Timeout
2026-10-02T18:04:07,Customer_Master_Sync,Salesforce_CRM,S4HANA,401.0,SAP RFC logon rejected: Technical communication user 'RFC_CPI_COMM' is locked [Ref: MSG-87736],473,0.0,Authentication/Authorization
2026-10-05T13:28:15,Warehouse_Transfer_Order,S4HANA,WMS_Manhattan,400.0,Bad Request: Request payload size 38MB exceeds maximum allowed message limit 10MB [Ref: MSG-58487],227,1.0,Validation/Data
2026-10-04T13:01:56,Vendor_Remittance_Advice,S4HANA,Banking_API,401.0,Unauthorized: Client credentials rejected by SAP Identity Authentication Service (IAS) [Ref: MSG-90273],382,1.0,Authentication/Authorization
2026-10-05T17:26:44,Order_Create_Inbound,Shopify_Storefront,S4HANA,401.0,HTTP 401 Unauthorized: Invalid API key provided in header x-api-key [Ref: MSG-95426],456,2.0,Authentication/Authorization
2026-10-06T16:33:28,Payment_Status_Update,Payment_Stripe,S4HANA,422.0,"Business Rule Violation: Credit limit exceeded for customer 'ACME_CORP' (Limit: $50,000, Current Order: $68,000) [Ref: MSG-28754]",1849,0.0,Business error
2026-10-05T13:45:31,Warehouse_Transfer_Order,S4HANA,WMS_Manhattan,500.0,Internal Server Error: NullPointerException in custom Groovy script step 'TransformOrder.groovy' line 42 [Ref: MSG-14931],7663,1.0,Application/System error
2026-10-02T01:15:12,Employee_Onboarding_Event,Workday_HCM,ServiceNow,403.0,Forbidden: Client certificate missing or not trusted in SAP CPI Keystore [Ref: MSG-64891],287,0.0,Authentication/Authorization
2026-10-08T01:32:14,General_Ledger_Batch_Post,BillingEngine,S4HANA,504.0,Gateway Timeout: Upstream SAP S/4HANA took longer than 60000ms to respond to BAPI call [Ref: MSG-57435],86140,2.0,Timeout
2026-10-02T11:50:09,Inventory_Adjustment_Feed,WMS_Manhattan,S4HANA,422.0,Unprocessable Entity: Currency code 'USDD' is not ISO-4217 compliant [Ref: MSG-16955],794,0.0,Validation/Data
2026-10-03T05:59:02,Product_Catalog_Export,S4HANA,Salesforce_CRM,500.0,Internal Server Error: IDoc status 51 - Application document not posted due to database deadlock [Ref: MSG-33111],4092,0.0,Application/System error
2026-10-04T03:51:56,Shipment_Confirmation_EDI,B2B_EDI_Partner,SAP_CPI,503.0,Service Unavailable: Target endpoint under maintenance window [Ref: MSG-42949],2632,3.0,Connectivity
2026-10-02T08:31:32,Tax_Calculation_Call,SAP_CPI,TaxEngine_Vertex,401.0,Unauthorized: Bearer token expired or invalid JWT signature during OAuth handshake [Ref: MSG-33053],148,0.0,Authentication/Authorization
2026-10-03T21:12:47,General_Ledger_Batch_Post,BillingEngine,S4HANA,409.0,Business Conflict: Invoice matching failed - PO line item amount mismatch greater than 2% tolerance [Ref: MSG-85990],744,0.0,Business error
2026-10-01T15:47:26,Employee_Onboarding_Event,Workday_HCM,ServiceNow,502.0,Bad Gateway: SAP Cloud Connector subaccount tunnel 'hana-prd-s4' is offline [Ref: MSG-39855],1755,4.0,Connectivity
2026-10-05T23:03:56,Order_Create_Inbound,Shopify_Storefront,S4HANA,503.0,Service Unavailable: Target endpoint under maintenance window [Ref: MSG-71733],477,2.0,Connectivity
2026-10-03T12:29:46,Invoice_Post_Out,S4HANA,SAP_CPI,503.0,Service Unavailable: Circuit breaker open for downstream payment service [Ref: MSG-60768],290,1.0,Connectivity
2026-10-02T09:44:36,Payment_Status_Update,Payment_Stripe,S4HANA,503.0,Service Unavailable: Backend connection pool exhausted (max 150 active connections) [Ref: MSG-54025],675,0.0,Connectivity
2026-10-02T18:14:56,Product_Catalog_Export,S4HANA,Salesforce_CRM,401.0,OAuth2 token refresh failed: invalid_grant - Refresh token revoked [Ref: MSG-64817],229,0.0,Authentication/Authorization
2026-10-07T15:05:26,General_Ledger_Batch_Post,BillingEngine,S4HANA,401.0,HTTP 401 Unauthorized: Invalid API key provided in header x-api-key [Ref: MSG-82450],223,2.0,Authentication/Authorization
2026-10-07T22:17:00,General_Ledger_Batch_Post,BillingEngine,S4HANA,504.0,Gateway Timeout: SAP CPI worker exceeded maximum route execution timeout (120s) [Ref: MSG-72061],35994,3.0,Timeout
2026-10-05T02:14:57,Payment_Status_Update,Payment_Stripe,S4HANA,422.0,Unprocessable Entity: Currency code 'USDD' is not ISO-4217 compliant [Ref: MSG-52899],268,1.0,Validation/Data
2026-10-01T09:30:46,Customer_Master_Sync,Salesforce_CRM,S4HANA,500.0,Internal Server Error: NullPointerException in custom Groovy script step 'TransformOrder.groovy' line 42 [Ref: MSG-64758],2323,2.0,Application/System error
2026-10-04T23:15:05,Product_Catalog_Export,S4HANA,Salesforce_CRM,403.0,HTTP 403 Forbidden: Insufficient scopes for OAuth token on endpoint /api/v2/orders [Ref: MSG-22844],431,1.0,Authentication/Authorization
2026-10-03T17:15:41,Payment_Status_Update,Payment_Stripe,S4HANA,403.0,HTTP 403 Forbidden: Insufficient scopes for OAuth token on endpoint /api/v2/orders [Ref: MSG-27394],330,3.0,Authentication/Authorization
2026-10-08T02:47:37,Invoice_Post_Out,S4HANA,SAP_CPI,403.0,Forbidden: Client certificate missing or not trusted in SAP CPI Keystore [Ref: MSG-70199],250,0.0,Authentication/Authorization
2026-10-02T19:40:29,Invoice_Post_Out,S4HANA,SAP_CPI,504.0,Gateway Timeout: JDBC query execution timed out in database layer [Ref: MSG-63131],99645,3.0,Timeout
2026-10-05T09:18:27,Shipment_Confirmation_EDI,B2B_EDI_Partner,SAP_CPI,401.0,Unauthorized: Client credentials rejected by SAP Identity Authentication Service (IAS) [Ref: MSG-53634],270,2.0,Authentication/Authorization
2026-10-05T18:47:59,Vendor_Remittance_Advice,S4HANA,Banking_API,422.0,Unprocessable Entity: Currency code 'USDD' is not ISO-4217 compliant [Ref: MSG-20611],625,0.0,Validation/Data
2026-10-01T20:23:29,Employee_Onboarding_Event,Workday_HCM,ServiceNow,500.0,Internal Server Error: Database transaction rollback triggered by unhandled exception [Ref: MSG-16758],9052,1.0,Application/System error
2026-10-06T10:35:45,Vendor_Remittance_Advice,S4HANA,Banking_API,502.0,Proxy Error: DNS lookup failed for internal host erp.corp.internal [Ref: MSG-83241],1012,3.0,Connectivity
2026-10-02T04:30:47,Payment_Status_Update,Payment_Stripe,S4HANA,403.0,Forbidden: User lacks authorization for BAPI_SALESORDER_CREATEFROMDAT2 in S4HANA [Ref: MSG-80730],273,3.0,Authentication/Authorization
2026-10-03T19:57:17,Warehouse_Transfer_Order,S4HANA,WMS_Manhattan,422.0,Unprocessable Entity: Currency code 'USDD' is not ISO-4217 compliant [Ref: MSG-39548],370,0.0,Validation/Data
2026-10-03T22:31:32,Order_Create_Inbound,Shopify_Storefront,S4HANA,504.0,Gateway Timeout: Upstream SAP S/4HANA took longer than 60000ms to respond to BAPI call [Ref: MSG-58865],55652,2.0,Timeout
2026-10-04T05:44:51,Product_Catalog_Export,S4HANA,Salesforce_CRM,403.0,Forbidden: Client certificate missing or not trusted in SAP CPI Keystore [Ref: MSG-91389],283,3.0,Authentication/Authorization
2026-10-01T20:57:11,Product_Catalog_Export,S4HANA,Salesforce_CRM,422.0,Business Rule Violation: SAP Posting period 09/2026 is closed in company code 1000 [Ref: MSG-21443],1417,0.0,Business error
2026-10-02T06:09:31,Invoice_Post_Out,S4HANA,SAP_CPI,500.0,Internal Server Error: SAP ABAP runtime dump 'DYNPRO_NOT_FOUND' in function module /SAPAPO/BAPI [Ref: MSG-46168],7972,0.0,Application/System error
2026-10-07T01:59:08,Inventory_Adjustment_Feed,WMS_Manhattan,S4HANA,502.0,Bad Gateway: Connection refused by target SAP S/4HANA host on port 8001 [Ref: MSG-64596],221,2.0,Connectivity
2026-10-03T14:04:01,Vendor_Remittance_Advice,S4HANA,Banking_API,504.0,Timeout: Target system did not respond within configured timeout of 30000ms [Ref: MSG-12815],59399,4.0,Timeout
2026-10-04T04:41:50,Shipment_Confirmation_EDI,B2B_EDI_Partner,SAP_CPI,503.0,TCP connection reset by peer during TLS handshake with Vertex Tax Engine [Ref: MSG-85851],1853,2.0,Connectivity
2026-10-05T12:57:50,Product_Catalog_Export,S4HANA,Salesforce_CRM,400.0,"Bad Request: Header Content-Type 'text/plain' not acceptable, expected 'application/json' [Ref: MSG-49856]",273,0.0,Validation/Data
2026-10-03T09:09:22,Product_Catalog_Export,S4HANA,Salesforce_CRM,422.0,Business Rule Violation: SAP Posting period 09/2026 is closed in company code 1000 [Ref: MSG-58745],1300,0.0,Business error
2026-10-03T13:11:53,Invoice_Post_Out,S4HANA,SAP_CPI,500.0,Internal Server Error: NullPointerException in custom Groovy script step 'TransformOrder.groovy' line 42 [Ref: MSG-80165],6178,2.0,Application/System error
2026-10-02T11:02:20,Invoice_Post_Out,S4HANA,SAP_CPI,500.0,HTTP 500: System crash occurred during large batch file processing in middleware worker [Ref: MSG-31135],3619,1.0,Application/System error
2026-10-06T06:02:42,Invoice_Post_Out,S4HANA,SAP_CPI,504.0,Gateway Timeout: HTTP read timeout after 90000ms waiting for Salesforce bulk API response [Ref: MSG-36890],74493,2.0,Timeout
2026-10-03T01:19:07,Product_Catalog_Export,S4HANA,Salesforce_CRM,503.0,TCP connection reset by peer during TLS handshake with Vertex Tax Engine [Ref: MSG-80761],454,4.0,Connectivity
2026-10-03T12:00:47,Invoice_Post_Out,S4HANA,SAP_CPI,408.0,Request Timeout: Client connection dropped before request payload was fully received [Ref: MSG-70036],100360,2.0,Timeout
2026-10-04T17:48:36,Warehouse_Transfer_Order,S4HANA,WMS_Manhattan,504.0,Timeout: Target system did not respond within configured timeout of 30000ms [Ref: MSG-48739],79067,3.0,Timeout
2026-10-06T23:57:02,Employee_Onboarding_Event,Workday_HCM,ServiceNow,409.0,Business Conflict: Invoice matching failed - PO line item amount mismatch greater than 2% tolerance [Ref: MSG-24721],1295,0.0,Business error
2026-10-05T15:28:22,Customer_Master_Sync,Salesforce_CRM,S4HANA,422.0,Unprocessable Entity: Postal code 'XYZ-999' invalid format for destination country 'DE' [Ref: MSG-62642],474,0.0,Validation/Data
2026-10-02T16:12:01,General_Ledger_Batch_Post,BillingEngine,S4HANA,401.0,SAP RFC logon rejected: Technical communication user 'RFC_CPI_COMM' is locked [Ref: MSG-79000],306,0.0,Authentication/Authorization
2026-10-02T23:20:38,Tax_Calculation_Call,SAP_CPI,TaxEngine_Vertex,409.0,Conflict: Concurrency version conflict updating Customer Master record 'CUST-10492' [Ref: MSG-61697],2150,0.0,Business error
2026-10-03T06:54:27,Employee_Onboarding_Event,Workday_HCM,ServiceNow,500.0,Internal Server Error: Database transaction rollback triggered by unhandled exception [Ref: MSG-62108],6358,0.0,Application/System error
2026-10-03T22:55:35,Employee_Onboarding_Event,Workday_HCM,ServiceNow,503.0,Service Unavailable: Backend connection pool exhausted (max 150 active connections) [Ref: MSG-56052],1110,0.0,Connectivity
2026-10-07T22:18:10,Warehouse_Transfer_Order,S4HANA,WMS_Manhattan,400.0,"Bad Request: Header Content-Type 'text/plain' not acceptable, expected 'application/json' [Ref: MSG-64474]",612,0.0,Validation/Data
2026-10-03T02:38:05,Warehouse_Transfer_Order,S4HANA,WMS_Manhattan,500.0,Internal Server Error: IDoc status 51 - Application document not posted due to database deadlock [Ref: MSG-64289],4557,0.0,Application/System error
2026-10-07T20:05:00,Order_Create_Inbound,Shopify_Storefront,S4HANA,503.0,TCP connection reset by peer during TLS handshake with Vertex Tax Engine [Ref: MSG-87421],709,2.0,Connectivity
2026-10-05T06:36:48,Invoice_Post_Out,S4HANA,SAP_CPI,500.0,Internal Server Error: IDoc status 51 - Application document not posted due to database deadlock [Ref: MSG-82851],3004,3.0,Application/System error
2026-10-04T09:52:52,Inventory_Adjustment_Feed,WMS_Manhattan,S4HANA,502.0,HTTP 502 Bad Gateway: Network socket prematurely closed by upstream server [Ref: MSG-82596],510,2.0,Connectivity
2026-10-02T08:50:00,Tax_Calculation_Call,SAP_CPI,TaxEngine_Vertex,400.0,"Bad Request: Header Content-Type 'text/plain' not acceptable, expected 'application/json' [Ref: MSG-70745]",445,0.0,Validation/Data
2026-10-06T17:26:11,Order_Create_Inbound,Shopify_Storefront,S4HANA,503.0,Service Unavailable: Circuit breaker open for downstream payment service [Ref: MSG-95696],251,2.0,Connectivity
2026-10-07T16:31:04,Customer_Master_Sync,Salesforce_CRM,S4HANA,422.0,Unprocessable Entity: Currency code 'USDD' is not ISO-4217 compliant [Ref: MSG-25644],719,0.0,Validation/Data
2026-10-07T16:40:43,General_Ledger_Batch_Post,BillingEngine,S4HANA,503.0,Service Unavailable: Circuit breaker open for downstream payment service [Ref: MSG-67156],448,2.0,Connectivity
2026-10-07T02:01:54,Employee_Onboarding_Event,Workday_HCM,ServiceNow,400.0,Bad Request: Invalid date format in delivery_date '2026-31-02' - expected YYYY-MM-DD [Ref: MSG-77177],372,0.0,Validation/Data
2026-10-06T12:22:10,Employee_Onboarding_Event,Workday_HCM,ServiceNow,400.0,Bad Request: Request payload size 38MB exceeds maximum allowed message limit 10MB [Ref: MSG-70429],483,0.0,Validation/Data
2026-10-04T00:40:59,Customer_Master_Sync,Salesforce_CRM,S4HANA,503.0,TCP connection reset by peer during TLS handshake with Vertex Tax Engine [Ref: MSG-47992],2436,0.0,Connectivity
2026-10-07T13:34:20,Order_Create_Inbound,Shopify_Storefront,S4HANA,502.0,Proxy Error: DNS lookup failed for internal host erp.corp.internal [Ref: MSG-88480],970,4.0,Connectivity
2026-10-07T06:23:06,Inventory_Adjustment_Feed,WMS_Manhattan,S4HANA,422.0,Business Rule Violation: Material 'MAT-8002' marked for deletion or blocked in plant 1010 [Ref: MSG-99842],3316,0.0,Business error
2026-10-05T17:23:49,Customer_Master_Sync,Salesforce_CRM,S4HANA,502.0,Proxy Error: DNS lookup failed for internal host erp.corp.internal [Ref: MSG-27950],2239,2.0,Connectivity
2026-10-03T00:14:53,Order_Create_Inbound,Shopify_Storefront,S4HANA,502.0,Proxy Error: DNS lookup failed for internal host erp.corp.internal [Ref: MSG-38557],662,1.0,Connectivity
2026-10-01T11:52:08,Shipment_Confirmation_EDI,B2B_EDI_Partner,SAP_CPI,409.0,Conflict: Concurrency version conflict updating Customer Master record 'CUST-10492' [Ref: MSG-70357],1481,1.0,Business error
2026-10-02T22:56:38,Warehouse_Transfer_Order,S4HANA,WMS_Manhattan,504.0,Gateway Timeout: HTTP read timeout after 90000ms waiting for Salesforce bulk API response [Ref: MSG-57522],75228,2.0,Timeout
2026-10-02T07:52:07,Warehouse_Transfer_Order,S4HANA,WMS_Manhattan,500.0,Internal Server Error: OutOfMemoryError in Java mapping runtime in SAP Integration Suite [Ref: MSG-49935],9616,0.0,Application/System error
2026-10-03T12:13:08,Warehouse_Transfer_Order,S4HANA,WMS_Manhattan,422.0,"Business Rule Violation: Credit limit exceeded for customer 'ACME_CORP' (Limit: $50,000, Current Order: $68,000) [Ref: MSG-39697]",2150,2.0,Business error
2026-10-01T23:48:27,Order_Create_Inbound,Shopify_Storefront,S4HANA,504.0,Gateway Timeout: JDBC query execution timed out in database layer [Ref: MSG-20188],59610,0.0,Timeout
2026-10-03T09:04:19,Product_Catalog_Export,S4HANA,Salesforce_CRM,401.0,Unauthorized: Bearer token expired or invalid JWT signature during OAuth handshake [Ref: MSG-25587],420,1.0,Authentication/Authorization
2026-10-05T14:11:42,General_Ledger_Batch_Post,BillingEngine,S4HANA,400.0,Bad Request: Invalid date format in delivery_date '2026-31-02' - expected YYYY-MM-DD [Ref: MSG-36922],616,0.0,Validation/Data
2026-10-03T13:54:32,General_Ledger_Batch_Post,BillingEngine,S4HANA,403.0,Forbidden: Client certificate missing or not trusted in SAP CPI Keystore [Ref: MSG-55591],448,2.0,Authentication/Authorization
2026-10-07T08:33:13,Order_Create_Inbound,Shopify_Storefront,S4HANA,400.0,Bad Request: Invalid date format in delivery_date '2026-31-02' - expected YYYY-MM-DD [Ref: MSG-85777],526,0.0,Validation/Data
2026-10-06T11:59:13,Tax_Calculation_Call,SAP_CPI,TaxEngine_Vertex,500.0,Internal Server Error: OutOfMemoryError in Java mapping runtime in SAP Integration Suite [Ref: MSG-10567],7666,3.0,Application/System error
2026-10-02T22:43:06,Employee_Onboarding_Event,Workday_HCM,ServiceNow,409.0,Business Conflict: Invoice matching failed - PO line item amount mismatch greater than 2% tolerance [Ref: MSG-87251],2501,0.0,Business error
2026-10-05T15:26:07,Shipment_Confirmation_EDI,B2B_EDI_Partner,SAP_CPI,502.0,HTTP 502 Bad Gateway: Network socket prematurely closed by upstream server [Ref: MSG-38085],1306,3.0,Connectivity
2026-10-02T23:48:23,Order_Create_Inbound,Shopify_Storefront,S4HANA,503.0,Service Unavailable: Circuit breaker open for downstream payment service [Ref: MSG-78121],1826,3.0,Connectivity
2026-10-04T11:24:18,Order_Create_Inbound,Shopify_Storefront,S4HANA,400.0,Bad Request: JSON schema validation error - missing mandatory field 'KUNNR' in customer payload [Ref: MSG-53006],424,0.0,Validation/Data
2026-10-04T17:54:27,Payment_Status_Update,Payment_Stripe,S4HANA,400.0,"Bad Request: Header Content-Type 'text/plain' not acceptable, expected 'application/json' [Ref: MSG-82602]",472,0.0,Validation/Data
2026-10-02T08:43:31,Vendor_Remittance_Advice,S4HANA,Banking_API,401.0,OAuth2 token refresh failed: invalid_grant - Refresh token revoked [Ref: MSG-58161],494,1.0,Authentication/Authorization
2026-10-01T11:09:25,Vendor_Remittance_Advice,S4HANA,Banking_API,408.0,HTTP 408 Request Timeout: Socket read timed out after 45000ms waiting for WMS response [Ref: MSG-98672],52745,2.0,Timeout
2026-10-01T19:12:21,Warehouse_Transfer_Order,S4HANA,WMS_Manhattan,400.0,Bad Request: Invalid date format in delivery_date '2026-31-02' - expected YYYY-MM-DD [Ref: MSG-32114],505,0.0,Validation/Data
2026-10-07T21:46:31,Order_Create_Inbound,Shopify_Storefront,S4HANA,422.0,Business Error: Employee effective date cannot be prior to hiring offer acceptance date [Ref: MSG-40522],1563,0.0,Business error
2026-10-03T23:42:38,Vendor_Remittance_Advice,S4HANA,Banking_API,422.0,Unprocessable Entity: Postal code 'XYZ-999' invalid format for destination country 'DE' [Ref: MSG-62459],454,1.0,Validation/Data
2026-10-01T11:16:31,Invoice_Post_Out,S4HANA,SAP_CPI,0.0,Raw socket disconnect with unknown termination reason [Ref: MSG-69589],8196,1.0,Unknown
2026-10-06T09:53:04,Customer_Master_Sync,Salesforce_CRM,S4HANA,400.0,Bad Request: Request payload size 38MB exceeds maximum allowed message limit 10MB [Ref: MSG-23055],478,0.0,Validation/Data
2026-10-06T18:09:19,Shipment_Confirmation_EDI,B2B_EDI_Partner,SAP_CPI,401.0,HTTP 401 Unauthorized: Invalid API key provided in header x-api-key [Ref: MSG-89244],355,1.0,Authentication/Authorization
2026-10-07T23:50:29,Vendor_Remittance_Advice,S4HANA,Banking_API,401.0,Unauthorized: Client credentials rejected by SAP Identity Authentication Service (IAS) [Ref: MSG-78150],186,0.0,Authentication/Authorization
2026-10-05T18:51:55,Tax_Calculation_Call,SAP_CPI,TaxEngine_Vertex,400.0,"Bad Request: Header Content-Type 'text/plain' not acceptable, expected 'application/json' [Ref: MSG-44296]",561,0.0,Validation/Data
2026-10-04T22:20:54,Shipment_Confirmation_EDI,B2B_EDI_Partner,SAP_CPI,401.0,Unauthorized: Bearer token expired or invalid JWT signature during OAuth handshake [Ref: MSG-25615],427,0.0,Authentication/Authorization
2026-10-06T17:56:45,Invoice_Post_Out,S4HANA,SAP_CPI,504.0,Gateway Timeout: Upstream SAP S/4HANA took longer than 60000ms to respond to BAPI call [Ref: MSG-82963],97448,1.0,Timeout
2026-10-04T11:36:43,Warehouse_Transfer_Order,S4HANA,WMS_Manhattan,504.0,Gateway Timeout: HTTP read timeout after 90000ms waiting for Salesforce bulk API response [Ref: MSG-60997],60383,2.0,Timeout
2026-10-07T13:32:03,Product_Catalog_Export,S4HANA,Salesforce_CRM,400.0,"Bad Request: Header Content-Type 'text/plain' not acceptable, expected 'application/json' [Ref: MSG-83695]",482,0.0,Validation/Data
2026-10-03T17:20:03,General_Ledger_Batch_Post,BillingEngine,S4HANA,408.0,Request Timeout: Client connection dropped before request payload was fully received [Ref: MSG-98668],68740,0.0,Timeout
2026-10-02T04:21:24,Employee_Onboarding_Event,Workday_HCM,ServiceNow,403.0,Forbidden: User lacks authorization for BAPI_SALESORDER_CREATEFROMDAT2 in S4HANA [Ref: MSG-86541],539,0.0,Authentication/Authorization
2026-10-02T05:15:15,Shipment_Confirmation_EDI,B2B_EDI_Partner,SAP_CPI,503.0,TCP connection reset by peer during TLS handshake with Vertex Tax Engine [Ref: MSG-56041],4105,1.0,Connectivity
2026-10-07T17:07:21,Warehouse_Transfer_Order,S4HANA,WMS_Manhattan,502.0,Bad Gateway: SAP Cloud Connector subaccount tunnel 'hana-prd-s4' is offline [Ref: MSG-18585],652,1.0,Connectivity
2026-10-07T21:36:32,Product_Catalog_Export,S4HANA,Salesforce_CRM,504.0,Gateway Timeout: Upstream SAP S/4HANA took longer than 60000ms to respond to BAPI call [Ref: MSG-96214],74118,4.0,Timeout
2026-10-03T20:36:24,General_Ledger_Batch_Post,BillingEngine,S4HANA,503.0,Service Unavailable: Circuit breaker open for downstream payment service [Ref: MSG-12914],279,2.0,Connectivity
2026-10-02T18:31:32,Order_Create_Inbound,Shopify_Storefront,S4HANA,401.0,OAuth2 token refresh failed: invalid_grant - Refresh token revoked [Ref: MSG-98488],372,2.0,Authentication/Authorization
2026-10-03T21:12:31,General_Ledger_Batch_Post,BillingEngine,S4HANA,400.0,Bad Request: Request payload size 38MB exceeds maximum allowed message limit 10MB [Ref: MSG-49258],476,0.0,Validation/Data
2026-10-03T16:03:19,Tax_Calculation_Call,SAP_CPI,TaxEngine_Vertex,500.0,Internal Server Error: SAP ABAP runtime dump 'DYNPRO_NOT_FOUND' in function module /SAPAPO/BAPI [Ref: MSG-38059],6021,3.0,Application/System error
2026-10-07T02:06:37,General_Ledger_Batch_Post,BillingEngine,S4HANA,504.0,Gateway Timeout: SAP CPI worker exceeded maximum route execution timeout (120s) [Ref: MSG-22053],62204,2.0,Timeout
2026-10-03T10:41:52,Shipment_Confirmation_EDI,B2B_EDI_Partner,SAP_CPI,401.0,OAuth2 token refresh failed: invalid_grant - Refresh token revoked [Ref: MSG-37490],301,0.0,Authentication/Authorization
2026-10-03T14:26:25,Vendor_Remittance_Advice,S4HANA,Banking_API,422.0,Business Error: Employee effective date cannot be prior to hiring offer acceptance date [Ref: MSG-80772],1582,0.0,Business error
2026-10-02T04:45:33,Tax_Calculation_Call,SAP_CPI,TaxEngine_Vertex,504.0,Timeout: Target system did not respond within configured timeout of 30000ms [Ref: MSG-33671],67619,4.0,Timeout
2026-10-04T04:34:51,Vendor_Remittance_Advice,S4HANA,Banking_API,422.0,Unprocessable Entity: Currency code 'USDD' is not ISO-4217 compliant [Ref: MSG-71249],178,0.0,Validation/Data
2026-10-02T00:12:23,General_Ledger_Batch_Post,BillingEngine,S4HANA,422.0,Business Error: Employee effective date cannot be prior to hiring offer acceptance date [Ref: MSG-92150],2379,0.0,Business error
2026-10-03T10:40:13,Shipment_Confirmation_EDI,B2B_EDI_Partner,SAP_CPI,503.0,Service Unavailable: Backend connection pool exhausted (max 150 active connections) [Ref: MSG-63773],1313,3.0,Connectivity
2026-10-04T05:38:15,Vendor_Remittance_Advice,S4HANA,Banking_API,503.0,Service Unavailable: Backend connection pool exhausted (max 150 active connections) [Ref: MSG-31048],206,2.0,Connectivity
2026-10-07T17:29:31,Customer_Master_Sync,Salesforce_CRM,S4HANA,401.0,SAP RFC logon rejected: Technical communication user 'RFC_CPI_COMM' is locked [Ref: MSG-42189],394,1.0,Authentication/Authorization
2026-10-02T16:08:01,Customer_Master_Sync,Salesforce_CRM,S4HANA,504.0,Timeout: Target system did not respond within configured timeout of 30000ms [Ref: MSG-36475],57112,1.0,Timeout
2026-10-06T23:50:01,Vendor_Remittance_Advice,S4HANA,Banking_API,422.0,"Business Rule Violation: Credit limit exceeded for customer 'ACME_CORP' (Limit: $50,000, Current Order: $68,000) [Ref: MSG-15535]",1721,0.0,Business error
2026-10-07T10:57:26,General_Ledger_Batch_Post,BillingEngine,S4HANA,422.0,Business Error: Insufficient available warehouse stock in bin A-12 for SKU 'ELEC-902' [Ref: MSG-49056],578,1.0,Business error
2026-10-02T11:36:47,Shipment_Confirmation_EDI,B2B_EDI_Partner,SAP_CPI,400.0,Bad Request: Invalid date format in delivery_date '2026-31-02' - expected YYYY-MM-DD [Ref: MSG-28423],559,0.0,Validation/Data
2026-10-03T03:07:49,Product_Catalog_Export,S4HANA,Salesforce_CRM,403.0,Forbidden: Client certificate missing or not trusted in SAP CPI Keystore [Ref: MSG-21829],479,2.0,Authentication/Authorization
2026-10-04T14:09:06,Warehouse_Transfer_Order,S4HANA,WMS_Manhattan,502.0,HTTP 502 Bad Gateway: Network socket prematurely closed by upstream server [Ref: MSG-40924],858,1.0,Connectivity
2026-10-08T02:03:31,Shipment_Confirmation_EDI,B2B_EDI_Partner,SAP_CPI,500.0,Internal Server Error: IDoc status 51 - Application document not posted due to database deadlock [Ref: MSG-43332],1379,1.0,Application/System error
2026-10-04T23:43:15,Employee_Onboarding_Event,Workday_HCM,ServiceNow,400.0,Bad Request: Invalid date format in delivery_date '2026-31-02' - expected YYYY-MM-DD [Ref: MSG-81531],120,1.0,Validation/Data
2026-10-06T19:52:19,Employee_Onboarding_Event,Workday_HCM,ServiceNow,422.0,"Business Rule Violation: Credit limit exceeded for customer 'ACME_CORP' (Limit: $50,000, Current Order: $68,000) [Ref: MSG-72288]",2064,0.0,Business error
2026-10-07T09:44:58,Customer_Master_Sync,Salesforce_CRM,S4HANA,500.0,Internal Server Error: NullPointerException in custom Groovy script step 'TransformOrder.groovy' line 42 [Ref: MSG-96798],3744,2.0,Application/System error
2026-10-06T19:57:51,Inventory_Adjustment_Feed,WMS_Manhattan,S4HANA,502.0,HTTP 502 Bad Gateway: Network socket prematurely closed by upstream server [Ref: MSG-93748],1569,3.0,Connectivity
2026-10-01T20:59:58,Product_Catalog_Export,S4HANA,Salesforce_CRM,504.0,Gateway Timeout: SAP CPI worker exceeded maximum route execution timeout (120s) [Ref: MSG-60917],81827,1.0,Timeout
2026-10-07T13:58:28,Inventory_Adjustment_Feed,WMS_Manhattan,S4HANA,401.0,SAP RFC logon rejected: Technical communication user 'RFC_CPI_COMM' is locked [Ref: MSG-37575],507,1.0,Authentication/Authorization
2026-10-07T10:52:49,Customer_Master_Sync,Salesforce_CRM,S4HANA,422.0,Business Error: Employee effective date cannot be prior to hiring offer acceptance date [Ref: MSG-45918],1666,1.0,Business error
2026-10-07T11:52:10,Employee_Onboarding_Event,Workday_HCM,ServiceNow,408.0,Request Timeout: Client connection dropped before request payload was fully received [Ref: MSG-65360],47795,3.0,Timeout
2026-10-07T01:47:20,Shipment_Confirmation_EDI,B2B_EDI_Partner,SAP_CPI,504.0,Gateway Timeout: HTTP read timeout after 90000ms waiting for Salesforce bulk API response [Ref: MSG-88920],63281,2.0,Timeout
2026-10-03T04:28:50,Vendor_Remittance_Advice,S4HANA,Banking_API,401.0,Unauthorized: Bearer token expired or invalid JWT signature during OAuth handshake [Ref: MSG-94094],425,1.0,Authentication/Authorization
2026-10-04T02:05:07,Vendor_Remittance_Advice,S4HANA,Banking_API,401.0,SAP RFC logon rejected: Technical communication user 'RFC_CPI_COMM' is locked [Ref: MSG-50048],202,0.0,Authentication/Authorization
2026-10-08T03:43:26,Vendor_Remittance_Advice,S4HANA,Banking_API,504.0,Gateway Timeout: JDBC query execution timed out in database layer [Ref: MSG-27051],89902,3.0,Timeout
2026-10-03T13:43:37,Warehouse_Transfer_Order,S4HANA,WMS_Manhattan,503.0,Service Unavailable: Circuit breaker open for downstream payment service [Ref: MSG-27499],534,3.0,Connectivity
2026-10-03T13:25:56,Order_Create_Inbound,Shopify_Storefront,S4HANA,422.0,Business Rule Violation: SAP Posting period 09/2026 is closed in company code 1000 [Ref: MSG-64328],1772,0.0,Business error
2026-10-06T04:39:40,Customer_Master_Sync,Salesforce_CRM,S4HANA,422.0,Business Rule Violation: SAP Posting period 09/2026 is closed in company code 1000 [Ref: MSG-13010],1946,0.0,Business error
2026-10-06T13:03:25,Payment_Status_Update,Payment_Stripe,S4HANA,401.0,OAuth2 token refresh failed: invalid_grant - Refresh token revoked [Ref: MSG-44312],321,1.0,Authentication/Authorization
2026-10-03T02:07:00,Order_Create_Inbound,Shopify_Storefront,S4HANA,400.0,Bad Request: Request payload size 38MB exceeds maximum allowed message limit 10MB [Ref: MSG-58224],502,0.0,Validation/Data
2026-10-01T15:45:13,Vendor_Remittance_Advice,S4HANA,Banking_API,408.0,Request Timeout: Client connection dropped before request payload was fully received [Ref: MSG-74769],46226,1.0,Timeout
2026-10-04T12:27:54,Inventory_Adjustment_Feed,WMS_Manhattan,S4HANA,422.0,Business Rule Violation: Material 'MAT-8002' marked for deletion or blocked in plant 1010 [Ref: MSG-74771],2666,0.0,Business error
2026-10-02T21:11:26,Warehouse_Transfer_Order,S4HANA,WMS_Manhattan,503.0,Service Unavailable: Backend connection pool exhausted (max 150 active connections) [Ref: MSG-98760],2547,3.0,Connectivity
2026-10-04T15:23:37,Payment_Status_Update,Payment_Stripe,S4HANA,403.0,Forbidden: Client certificate missing or not trusted in SAP CPI Keystore [Ref: MSG-90960],410,1.0,Authentication/Authorization
2026-10-07T18:44:25,Product_Catalog_Export,S4HANA,Salesforce_CRM,504.0,Gateway Timeout: Upstream SAP S/4HANA took longer than 60000ms to respond to BAPI call [Ref: MSG-27459],64566,3.0,Timeout
2026-10-03T10:06:35,Warehouse_Transfer_Order,S4HANA,WMS_Manhattan,422.0,Validation Error: Quantity must be a positive integer greater than zero for line item 10 [Ref: MSG-88275],490,0.0,Validation/Data
2026-10-06T05:51:38,Product_Catalog_Export,S4HANA,Salesforce_CRM,503.0,Service Unavailable: Target endpoint under maintenance window [Ref: MSG-56439],1948,3.0,Connectivity
2026-10-05T20:19:25,Inventory_Adjustment_Feed,WMS_Manhattan,S4HANA,409.0,Conflict: Duplicate document error - Purchase Order 'PO-98231' already exists in S/4HANA [Ref: MSG-76131],1661,0.0,Business error
2026-10-03T13:32:31,General_Ledger_Batch_Post,BillingEngine,S4HANA,401.0,Unauthorized: Bearer token expired or invalid JWT signature during OAuth handshake [Ref: MSG-33510],418,3.0,Authentication/Authorization
2026-10-07T00:27:09,Order_Create_Inbound,Shopify_Storefront,S4HANA,422.0,"Business Rule Violation: Credit limit exceeded for customer 'ACME_CORP' (Limit: $50,000, Current Order: $68,000) [Ref: MSG-51591]",2068,0.0,Business error
2026-10-06T19:59:27,Product_Catalog_Export,S4HANA,Salesforce_CRM,502.0,Proxy Error: DNS lookup failed for internal host erp.corp.internal [Ref: MSG-46831],1867,1.0,Connectivity
2026-10-04T13:20:47,Tax_Calculation_Call,SAP_CPI,TaxEngine_Vertex,422.0,Business Rule Violation: Material 'MAT-8002' marked for deletion or blocked in plant 1010 [Ref: MSG-51026],1233,2.0,Business error
2026-10-06T22:03:12,Tax_Calculation_Call,SAP_CPI,TaxEngine_Vertex,422.0,"Business Rule Violation: Credit limit exceeded for customer 'ACME_CORP' (Limit: $50,000, Current Order: $68,000) [Ref: MSG-96169]",1993,0.0,Business error
2026-10-03T06:29:27,Product_Catalog_Export,S4HANA,Salesforce_CRM,502.0,Bad Gateway: Connection refused by target SAP S/4HANA host on port 8001 [Ref: MSG-44108],189,1.0,Connectivity
2026-10-04T06:35:31,Customer_Master_Sync,Salesforce_CRM,S4HANA,409.0,Business Conflict: Invoice matching failed - PO line item amount mismatch greater than 2% tolerance [Ref: MSG-67870],1917,0.0,Business error
2026-10-01T14:55:18,Order_Create_Inbound,Shopify_Storefront,S4HANA,401.0,HTTP 401 Unauthorized: Invalid API key provided in header x-api-key [Ref: MSG-55823],435,0.0,Authentication/Authorization
2026-10-05T14:37:00,General_Ledger_Batch_Post,BillingEngine,S4HANA,403.0,Forbidden: Client certificate missing or not trusted in SAP CPI Keystore [Ref: MSG-96918],339,1.0,Authentication/Authorization
2026-10-07T23:43:06,Order_Create_Inbound,Shopify_Storefront,S4HANA,422.0,Validation Error: Quantity must be a positive integer greater than zero for line item 10 [Ref: MSG-42264],666,0.0,Validation/Data
2026-10-05T11:53:20,Shipment_Confirmation_EDI,B2B_EDI_Partner,SAP_CPI,401.0,Unauthorized: Client credentials rejected by SAP Identity Authentication Service (IAS) [Ref: MSG-58963],268,0.0,Authentication/Authorization
2026-10-04T03:42:00,Product_Catalog_Export,S4HANA,Salesforce_CRM,401.0,OAuth2 token refresh failed: invalid_grant - Refresh token revoked [Ref: MSG-92359],566,0.0,Authentication/Authorization
2026-10-02T14:55:03,Employee_Onboarding_Event,Workday_HCM,ServiceNow,401.0,OAuth2 token refresh failed: invalid_grant - Refresh token revoked [Ref: MSG-84600],345,2.0,Authentication/Authorization
2026-10-06T03:24:05,Warehouse_Transfer_Order,S4HANA,WMS_Manhattan,502.0,Bad Gateway: Connection refused by target SAP S/4HANA host on port 8001 [Ref: MSG-19269],229,2.0,Connectivity
2026-10-07T14:10:24,Order_Create_Inbound,Shopify_Storefront,S4HANA,403.0,HTTP 403 Forbidden: Insufficient scopes for OAuth token on endpoint /api/v2/orders [Ref: MSG-12688],178,2.0,Authentication/Authorization
2026-10-04T21:47:51,Order_Create_Inbound,Shopify_Storefront,S4HANA,502.0,Proxy Error: DNS lookup failed for internal host erp.corp.internal [Ref: MSG-49131],1196,4.0,Connectivity
2026-10-06T11:53:23,Invoice_Post_Out,S4HANA,SAP_CPI,500.0,Internal Server Error: NullPointerException in custom Groovy script step 'TransformOrder.groovy' line 42 [Ref: MSG-57060],7101,1.0,Application/System error
2026-10-06T03:27:05,Product_Catalog_Export,S4HANA,Salesforce_CRM,408.0,Request Timeout: Client connection dropped before request payload was fully received [Ref: MSG-45190],55210,3.0,Timeout
2026-10-04T10:02:32,Shipment_Confirmation_EDI,B2B_EDI_Partner,SAP_CPI,422.0,"Business Rule Violation: Credit limit exceeded for customer 'ACME_CORP' (Limit: $50,000, Current Order: $68,000) [Ref: MSG-92665]",1532,0.0,Business error
2026-10-06T12:59:31,Vendor_Remittance_Advice,S4HANA,Banking_API,504.0,Gateway Timeout: SAP CPI worker exceeded maximum route execution timeout (120s) [Ref: MSG-99946],36656,2.0,Timeout
2026-10-04T10:58:51,Inventory_Adjustment_Feed,WMS_Manhattan,S4HANA,400.0,Bad Request: Invalid date format in delivery_date '2026-31-02' - expected YYYY-MM-DD [Ref: MSG-71370],382,0.0,Validation/Data
2026-10-07T15:33:27,Vendor_Remittance_Advice,S4HANA,Banking_API,401.0,HTTP 401 Unauthorized: Invalid API key provided in header x-api-key [Ref: MSG-49375],59,0.0,Authentication/Authorization
2026-10-02T00:27:26,Customer_Master_Sync,Salesforce_CRM,S4HANA,401.0,Unauthorized: Client credentials rejected by SAP Identity Authentication Service (IAS) [Ref: MSG-77294],159,0.0,Authentication/Authorization
2026-10-05T10:49:32,Employee_Onboarding_Event,Workday_HCM,ServiceNow,422.0,Unprocessable Entity: Postal code 'XYZ-999' invalid format for destination country 'DE' [Ref: MSG-43405],564,0.0,Validation/Data
2026-10-07T20:02:05,Invoice_Post_Out,S4HANA,SAP_CPI,400.0,"Bad Request: Header Content-Type 'text/plain' not acceptable, expected 'application/json' [Ref: MSG-33882]",567,0.0,Validation/Data
2026-10-08T05:28:39,General_Ledger_Batch_Post,BillingEngine,S4HANA,400.0,Bad Request: XML parse exception - mismatched closing tag </itemRecord> at line 48 [Ref: MSG-69637],513,0.0,Validation/Data
2026-10-02T07:38:16,Payment_Status_Update,Payment_Stripe,S4HANA,502.0,Proxy Error: DNS lookup failed for internal host erp.corp.internal [Ref: MSG-34259],1966,4.0,Connectivity
2026-10-01T08:10:41,Customer_Master_Sync,Salesforce_CRM,S4HANA,401.0,Unauthorized: Bearer token expired or invalid JWT signature during OAuth handshake [Ref: MSG-61764],347,1.0,Authentication/Authorization
2026-10-08T03:23:44,Inventory_Adjustment_Feed,WMS_Manhattan,S4HANA,400.0,"Bad Request: Header Content-Type 'text/plain' not acceptable, expected 'application/json' [Ref: MSG-91067]",364,0.0,Validation/Data
2026-10-02T12:00:12,Inventory_Adjustment_Feed,WMS_Manhattan,S4HANA,422.0,Validation Error: Quantity must be a positive integer greater than zero for line item 10 [Ref: MSG-21486],410,0.0,Validation/Data
2026-10-05T04:09:41,Customer_Master_Sync,Salesforce_CRM,S4HANA,401.0,SAP RFC logon rejected: Technical communication user 'RFC_CPI_COMM' is locked [Ref: MSG-37424],301,0.0,Authentication/Authorization
2026-10-07T22:09:30,Order_Create_Inbound,Shopify_Storefront,S4HANA,422.0,Business Rule Violation: SAP Posting period 09/2026 is closed in company code 1000 [Ref: MSG-49441],3241,0.0,Business error
2026-10-04T23:01:55,Warehouse_Transfer_Order,S4HANA,WMS_Manhattan,401.0,HTTP 401 Unauthorized: Invalid API key provided in header x-api-key [Ref: MSG-68361],347,1.0,Authentication/Authorization
2026-10-01T18:00:06,General_Ledger_Batch_Post,BillingEngine,S4HANA,503.0,Service Unavailable: Backend connection pool exhausted (max 150 active connections) [Ref: MSG-61345],1604,3.0,Connectivity
2026-10-06T07:35:18,Product_Catalog_Export,S4HANA,Salesforce_CRM,422.0,Validation Error: Quantity must be a positive integer greater than zero for line item 10 [Ref: MSG-85846],416,0.0,Validation/Data
2026-10-06T23:14:45,General_Ledger_Batch_Post,BillingEngine,S4HANA,408.0,HTTP 408 Request Timeout: Socket read timed out after 45000ms waiting for WMS response [Ref: MSG-90149],65403,0.0,Timeout
2026-10-04T04:26:56,Tax_Calculation_Call,SAP_CPI,TaxEngine_Vertex,403.0,Forbidden: User lacks authorization for BAPI_SALESORDER_CREATEFROMDAT2 in S4HANA [Ref: MSG-18324],375,1.0,Authentication/Authorization
2026-10-06T21:01:10,Employee_Onboarding_Event,Workday_HCM,ServiceNow,504.0,Timeout: Target system did not respond within configured timeout of 30000ms [Ref: MSG-68762],34373,1.0,Timeout
2026-10-05T15:37:58,Product_Catalog_Export,S4HANA,Salesforce_CRM,503.0,TCP connection reset by peer during TLS handshake with Vertex Tax Engine [Ref: MSG-40422],260,3.0,Connectivity
2026-10-04T12:56:18,Warehouse_Transfer_Order,S4HANA,WMS_Manhattan,500.0,HTTP 500: System crash occurred during large batch file processing in middleware worker [Ref: MSG-96108],4327,2.0,Application/System error
2026-10-06T19:50:30,Vendor_Remittance_Advice,S4HANA,Banking_API,408.0,Request Timeout: Client connection dropped before request payload was fully received [Ref: MSG-95524],63707,3.0,Timeout
2026-10-06T23:08:11,Inventory_Adjustment_Feed,WMS_Manhattan,S4HANA,422.0,Business Rule Violation: SAP Posting period 09/2026 is closed in company code 1000 [Ref: MSG-21297],1692,0.0,Business error
2026-10-03T15:13:35,Shipment_Confirmation_EDI,B2B_EDI_Partner,SAP_CPI,400.0,Bad Request: Invalid date format in delivery_date '2026-31-02' - expected YYYY-MM-DD [Ref: MSG-74713],340,0.0,Validation/Data
2026-10-02T13:52:55,Employee_Onboarding_Event,Workday_HCM,ServiceNow,403.0,Forbidden: Client certificate missing or not trusted in SAP CPI Keystore [Ref: MSG-98726],373,2.0,Authentication/Authorization
2026-10-02T03:14:07,Employee_Onboarding_Event,Workday_HCM,ServiceNow,401.0,Unauthorized: Client credentials rejected by SAP Identity Authentication Service (IAS) [Ref: MSG-66442],222,1.0,Authentication/Authorization
2026-10-08T01:17:57,Employee_Onboarding_Event,Workday_HCM,ServiceNow,504.0,Gateway Timeout: HTTP read timeout after 90000ms waiting for Salesforce bulk API response [Ref: MSG-16117],79833,1.0,Timeout
2026-10-04T22:53:48,Warehouse_Transfer_Order,S4HANA,WMS_Manhattan,400.0,Bad Request: Invalid date format in delivery_date '2026-31-02' - expected YYYY-MM-DD [Ref: MSG-16608],543,0.0,Validation/Data
2026-10-05T11:10:40,Tax_Calculation_Call,SAP_CPI,TaxEngine_Vertex,401.0,Unauthorized: Client credentials rejected by SAP Identity Authentication Service (IAS) [Ref: MSG-15501],290,0.0,Authentication/Authorization
2026-10-06T22:48:32,Invoice_Post_Out,S4HANA,SAP_CPI,503.0,TCP connection reset by peer during TLS handshake with Vertex Tax Engine [Ref: MSG-48289],282,2.0,Connectivity
2026-10-03T12:07:54,Vendor_Remittance_Advice,S4HANA,Banking_API,422.0,"Business Rule Violation: Credit limit exceeded for customer 'ACME_CORP' (Limit: $50,000, Current Order: $68,000) [Ref: MSG-57675]",1533,0.0,Business error
2026-10-07T23:21:18,Customer_Master_Sync,Salesforce_CRM,S4HANA,500.0,HTTP 500: System crash occurred during large batch file processing in middleware worker [Ref: MSG-42154],8498,1.0,Application/System error
2026-10-04T04:42:15,Warehouse_Transfer_Order,S4HANA,WMS_Manhattan,403.0,Forbidden: User lacks authorization for BAPI_SALESORDER_CREATEFROMDAT2 in S4HANA [Ref: MSG-64396],460,0.0,Authentication/Authorization
2026-10-07T21:26:58,Payment_Status_Update,Payment_Stripe,S4HANA,422.0,Validation Error: Quantity must be a positive integer greater than zero for line item 10 [Ref: MSG-28087],458,0.0,Validation/Data
2026-10-03T08:28:09,Tax_Calculation_Call,SAP_CPI,TaxEngine_Vertex,504.0,Gateway Timeout: JDBC query execution timed out in database layer [Ref: MSG-99417],55295,3.0,Timeout
2026-10-03T20:49:10,Order_Create_Inbound,Shopify_Storefront,S4HANA,400.0,Bad Request: Invalid date format in delivery_date '2026-31-02' - expected YYYY-MM-DD [Ref: MSG-54342],554,0.0,Validation/Data
2026-10-03T02:03:40,Vendor_Remittance_Advice,S4HANA,Banking_API,504.0,Gateway Timeout: Upstream SAP S/4HANA took longer than 60000ms to respond to BAPI call [Ref: MSG-94078],70902,5.0,Timeout
2026-10-07T06:35:55,Shipment_Confirmation_EDI,B2B_EDI_Partner,SAP_CPI,422.0,Business Rule Violation: Material 'MAT-8002' marked for deletion or blocked in plant 1010 [Ref: MSG-62691],2337,0.0,Business error
2026-10-06T03:58:09,Customer_Master_Sync,Salesforce_CRM,S4HANA,400.0,Bad Request: XML parse exception - mismatched closing tag </itemRecord> at line 48 [Ref: MSG-46671],545,0.0,Validation/Data
2026-10-08T03:41:28,Tax_Calculation_Call,SAP_CPI,TaxEngine_Vertex,504.0,Gateway Timeout: SAP CPI worker exceeded maximum route execution timeout (120s) [Ref: MSG-91836],80743,3.0,Timeout
2026-10-01T09:34:21,Payment_Status_Update,Payment_Stripe,S4HANA,422.0,Business Error: Employee effective date cannot be prior to hiring offer acceptance date [Ref: MSG-49522],1478,0.0,Business error
2026-10-03T14:05:32,Tax_Calculation_Call,SAP_CPI,TaxEngine_Vertex,400.0,Bad Request: Request payload size 38MB exceeds maximum allowed message limit 10MB [Ref: MSG-80882],647,0.0,Validation/Data
2026-10-01T08:56:50,Vendor_Remittance_Advice,S4HANA,Banking_API,504.0,Gateway Timeout: JDBC query execution timed out in database layer [Ref: MSG-30975],67963,2.0,Timeout
2026-10-05T11:46:03,Warehouse_Transfer_Order,S4HANA,WMS_Manhattan,503.0,Service Unavailable: Backend connection pool exhausted (max 150 active connections) [Ref: MSG-65410],872,3.0,Connectivity
2026-10-08T04:07:28,Order_Create_Inbound,Shopify_Storefront,S4HANA,503.0,TCP connection reset by peer during TLS handshake with Vertex Tax Engine [Ref: MSG-16256],1387,1.0,Connectivity
2026-10-08T07:37:36,Employee_Onboarding_Event,Workday_HCM,ServiceNow,400.0,"Bad Request: Header Content-Type 'text/plain' not acceptable, expected 'application/json' [Ref: MSG-40945]",710,0.0,Validation/Data
2026-10-02T19:19:18,Tax_Calculation_Call,SAP_CPI,TaxEngine_Vertex,500.0,Internal Server Error: Database transaction rollback triggered by unhandled exception [Ref: MSG-88059],5494,1.0,Application/System error
2026-10-06T07:15:06,Warehouse_Transfer_Order,S4HANA,WMS_Manhattan,422.0,"Business Rule Violation: Credit limit exceeded for customer 'ACME_CORP' (Limit: $50,000, Current Order: $68,000) [Ref: MSG-59501]",1409,0.0,Business error
2026-10-03T06:27:53,Product_Catalog_Export,S4HANA,Salesforce_CRM,400.0,Bad Request: XML parse exception - mismatched closing tag </itemRecord> at line 48 [Ref: MSG-22843],377,0.0,Validation/Data
2026-10-02T22:04:23,Invoice_Post_Out,S4HANA,SAP_CPI,403.0,HTTP 403 Forbidden: Insufficient scopes for OAuth token on endpoint /api/v2/orders [Ref: MSG-72423],311,1.0,Authentication/Authorization
2026-10-07T16:37:31,Tax_Calculation_Call,SAP_CPI,TaxEngine_Vertex,408.0,HTTP 408 Request Timeout: Socket read timed out after 45000ms waiting for WMS response [Ref: MSG-61744],71362,3.0,Timeout
2026-10-07T13:09:32,Warehouse_Transfer_Order,S4HANA,WMS_Manhattan,499.0,Client closed connection with unmapped upstream exception [Ref: MSG-64646],6307,0.0,Unknown
2026-10-08T00:07:44,Warehouse_Transfer_Order,S4HANA,WMS_Manhattan,400.0,Bad Request: Request payload size 38MB exceeds maximum allowed message limit 10MB [Ref: MSG-77264],363,0.0,Validation/Data
2026-10-03T11:38:54,Invoice_Post_Out,S4HANA,SAP_CPI,504.0,Timeout: Target system did not respond within configured timeout of 30000ms [Ref: MSG-83272],64634,2.0,Timeout
2026-10-02T11:23:19,Customer_Master_Sync,Salesforce_CRM,S4HANA,403.0,Forbidden: Client certificate missing or not trusted in SAP CPI Keystore [Ref: MSG-78521],607,3.0,Authentication/Authorization
2026-10-03T02:26:03,Customer_Master_Sync,Salesforce_CRM,S4HANA,503.0,Service Unavailable: Circuit breaker open for downstream payment service [Ref: MSG-28726],1122,4.0,Connectivity
2026-10-08T07:31:00,Payment_Status_Update,Payment_Stripe,S4HANA,503.0,Service Unavailable: Backend connection pool exhausted (max 150 active connections) [Ref: MSG-33996],1674,1.0,Connectivity
2026-10-05T17:36:28,Shipment_Confirmation_EDI,B2B_EDI_Partner,SAP_CPI,502.0,Bad Gateway: Connection refused by target SAP S/4HANA host on port 8001 [Ref: MSG-73068],461,4.0,Connectivity
2026-10-02T12:32:40,Warehouse_Transfer_Order,S4HANA,WMS_Manhattan,409.0,Business Conflict: Invoice matching failed - PO line item amount mismatch greater than 2% tolerance [Ref: MSG-89391],1123,0.0,Business error
2026-10-02T03:42:39,Invoice_Post_Out,S4HANA,SAP_CPI,408.0,Request Timeout: Client connection dropped before request payload was fully received [Ref: MSG-52626],73464,2.0,Timeout
2026-10-02T05:56:28,Employee_Onboarding_Event,Workday_HCM,ServiceNow,502.0,HTTP 502 Bad Gateway: Network socket prematurely closed by upstream server [Ref: MSG-80909],1518,3.0,Connectivity
2026-10-06T04:50:49,Warehouse_Transfer_Order,S4HANA,WMS_Manhattan,400.0,Bad Request: Request payload size 38MB exceeds maximum allowed message limit 10MB [Ref: MSG-13251],411,0.0,Validation/Data
2026-10-01T14:39:34,Vendor_Remittance_Advice,S4HANA,Banking_API,400.0,Bad Request: Invalid date format in delivery_date '2026-31-02' - expected YYYY-MM-DD [Ref: MSG-83315],199,0.0,Validation/Data
2026-10-01T11:42:59,Product_Catalog_Export,S4HANA,Salesforce_CRM,401.0,SAP RFC logon rejected: Technical communication user 'RFC_CPI_COMM' is locked [Ref: MSG-75881],397,1.0,Authentication/Authorization
2026-10-08T06:53:56,Payment_Status_Update,Payment_Stripe,S4HANA,500.0,Internal Server Error: SAP enqueue server lock table overflow (transaction SM12) [Ref: MSG-42150],6617,1.0,Application/System error
2026-10-01T23:55:59,Shipment_Confirmation_EDI,B2B_EDI_Partner,SAP_CPI,403.0,Forbidden: User lacks authorization for BAPI_SALESORDER_CREATEFROMDAT2 in S4HANA [Ref: MSG-87187],292,0.0,Authentication/Authorization
2026-10-03T20:16:05,Customer_Master_Sync,Salesforce_CRM,S4HANA,408.0,Request Timeout: Client connection dropped before request payload was fully received [Ref: MSG-79193],88609,1.0,Timeout
2026-10-02T16:49:05,Inventory_Adjustment_Feed,WMS_Manhattan,S4HANA,401.0,HTTP 401 Unauthorized: Invalid API key provided in header x-api-key [Ref: MSG-28878],202,0.0,Authentication/Authorization
2026-10-05T18:11:01,Invoice_Post_Out,S4HANA,SAP_CPI,500.0,Internal Server Error: Database transaction rollback triggered by unhandled exception [Ref: MSG-17721],1339,2.0,Application/System error
2026-10-04T18:16:24,Employee_Onboarding_Event,Workday_HCM,ServiceNow,502.0,Bad Gateway: SAP Cloud Connector subaccount tunnel 'hana-prd-s4' is offline [Ref: MSG-28672],5422,4.0,Connectivity
2026-10-08T03:37:15,Payment_Status_Update,Payment_Stripe,S4HANA,409.0,Conflict: Duplicate document error - Purchase Order 'PO-98231' already exists in S/4HANA [Ref: MSG-41407],862,0.0,Business error
2026-10-01T18:29:35,Order_Create_Inbound,Shopify_Storefront,S4HANA,422.0,Validation Error: Quantity must be a positive integer greater than zero for line item 10 [Ref: MSG-45296],750,0.0,Validation/Data
2026-10-01T16:35:37,Vendor_Remittance_Advice,S4HANA,Banking_API,408.0,Request Timeout: Client connection dropped before request payload was fully received [Ref: MSG-40636],63419,3.0,Timeout
2026-10-04T22:05:54,Inventory_Adjustment_Feed,WMS_Manhattan,S4HANA,502.0,Proxy Error: DNS lookup failed for internal host erp.corp.internal [Ref: MSG-84481],2630,3.0,Connectivity
2026-10-02T15:34:27,Employee_Onboarding_Event,Workday_HCM,ServiceNow,502.0,Proxy Error: DNS lookup failed for internal host erp.corp.internal [Ref: MSG-80836],2921,5.0,Connectivity
2026-10-08T03:18:41,Customer_Master_Sync,Salesforce_CRM,S4HANA,400.0,Bad Request: JSON schema validation error - missing mandatory field 'KUNNR' in customer payload [Ref: MSG-70902],717,1.0,Validation/Data
2026-10-04T05:24:22,Inventory_Adjustment_Feed,WMS_Manhattan,S4HANA,401.0,OAuth2 token refresh failed: invalid_grant - Refresh token revoked [Ref: MSG-88363],154,2.0,Authentication/Authorization
2026-10-07T01:36:04,Customer_Master_Sync,Salesforce_CRM,S4HANA,503.0,Service Unavailable: Backend connection pool exhausted (max 150 active connections) [Ref: MSG-31157],1226,2.0,Connectivity
2026-10-03T21:13:39,Invoice_Post_Out,S4HANA,SAP_CPI,504.0,Gateway Timeout: Upstream SAP S/4HANA took longer than 60000ms to respond to BAPI call [Ref: MSG-82938],56408,2.0,Timeout
2026-10-08T06:28:17,Vendor_Remittance_Advice,S4HANA,Banking_API,422.0,Business Error: Insufficient available warehouse stock in bin A-12 for SKU 'ELEC-902' [Ref: MSG-44257],2685,0.0,Business error
2026-10-05T18:01:58,Payment_Status_Update,Payment_Stripe,S4HANA,0.0,Raw socket disconnect with unknown termination reason [Ref: MSG-70266],8450,1.0,Unknown
2026-10-01T08:43:11,General_Ledger_Batch_Post,BillingEngine,S4HANA,400.0,Bad Request: JSON schema validation error - missing mandatory field 'KUNNR' in customer payload [Ref: MSG-72459],356,0.0,Validation/Data
2026-10-02T04:41:04,Shipment_Confirmation_EDI,B2B_EDI_Partner,SAP_CPI,409.0,Business Conflict: Invoice matching failed - PO line item amount mismatch greater than 2% tolerance [Ref: MSG-80533],2037,0.0,Business error
2026-10-03T20:52:38,Vendor_Remittance_Advice,S4HANA,Banking_API,409.0,Business Conflict: Invoice matching failed - PO line item amount mismatch greater than 2% tolerance [Ref: MSG-26176],2096,0.0,Business error
2026-10-03T14:28:00,Order_Create_Inbound,Shopify_Storefront,S4HANA,401.0,Unauthorized: Bearer token expired or invalid JWT signature during OAuth handshake [Ref: MSG-70646],381,0.0,Authentication/Authorization
2026-10-02T10:52:39,Vendor_Remittance_Advice,S4HANA,Banking_API,403.0,Forbidden: Client certificate missing or not trusted in SAP CPI Keystore [Ref: MSG-56900],283,1.0,Authentication/Authorization
2026-10-03T09:17:31,Payment_Status_Update,Payment_Stripe,S4HANA,422.0,Business Rule Violation: SAP Posting period 09/2026 is closed in company code 1000 [Ref: MSG-74724],1397,1.0,Business error
2026-10-08T04:25:07,Customer_Master_Sync,Salesforce_CRM,S4HANA,422.0,Unprocessable Entity: Currency code 'USDD' is not ISO-4217 compliant [Ref: MSG-35701],446,0.0,Validation/Data
2026-10-03T05:47:36,Invoice_Post_Out,S4HANA,SAP_CPI,400.0,"Bad Request: Header Content-Type 'text/plain' not acceptable, expected 'application/json' [Ref: MSG-82323]",625,0.0,Validation/Data
2026-10-03T07:04:08,Order_Create_Inbound,Shopify_Storefront,S4HANA,400.0,Bad Request: Request payload size 38MB exceeds maximum allowed message limit 10MB [Ref: MSG-87091],531,0.0,Validation/Data
2026-10-03T05:01:44,Tax_Calculation_Call,SAP_CPI,TaxEngine_Vertex,422.0,Unprocessable Entity: Currency code 'USDD' is not ISO-4217 compliant [Ref: MSG-45956],394,0.0,Validation/Data
2026-10-07T05:41:03,Customer_Master_Sync,Salesforce_CRM,S4HANA,400.0,"Bad Request: Header Content-Type 'text/plain' not acceptable, expected 'application/json' [Ref: MSG-65982]",565,0.0,Validation/Data
2026-10-07T00:29:31,Inventory_Adjustment_Feed,WMS_Manhattan,S4HANA,502.0,HTTP 502 Bad Gateway: Network socket prematurely closed by upstream server [Ref: MSG-25953],684,2.0,Connectivity
2026-10-05T01:28:20,Customer_Master_Sync,Salesforce_CRM,S4HANA,422.0,Unprocessable Entity: Currency code 'USDD' is not ISO-4217 compliant [Ref: MSG-46429],60,0.0,Validation/Data
2026-10-06T15:44:27,General_Ledger_Batch_Post,BillingEngine,S4HANA,502.0,Bad Gateway: SAP Cloud Connector subaccount tunnel 'hana-prd-s4' is offline [Ref: MSG-13325],1228,5.0,Connectivity
2026-10-03T10:40:40,Invoice_Post_Out,S4HANA,SAP_CPI,500.0,Internal Server Error: OutOfMemoryError in Java mapping runtime in SAP Integration Suite [Ref: MSG-53152],4093,0.0,Application/System error
2026-10-08T04:59:21,Customer_Master_Sync,Salesforce_CRM,S4HANA,504.0,Gateway Timeout: JDBC query execution timed out in database layer [Ref: MSG-87664],48204,3.0,Timeout
2026-10-07T09:52:21,Payment_Status_Update,Payment_Stripe,S4HANA,503.0,Service Unavailable: Circuit breaker open for downstream payment service [Ref: MSG-54669],4334,2.0,Connectivity
2026-10-04T11:40:28,General_Ledger_Batch_Post,BillingEngine,S4HANA,502.0,Bad Gateway: SAP Cloud Connector subaccount tunnel 'hana-prd-s4' is offline [Ref: MSG-91207],508,2.0,Connectivity
2026-10-04T06:04:50,Customer_Master_Sync,Salesforce_CRM,S4HANA,401.0,Unauthorized: Bearer token expired or invalid JWT signature during OAuth handshake [Ref: MSG-59465],194,0.0,Authentication/Authorization
2026-10-06T04:27:04,Customer_Master_Sync,Salesforce_CRM,S4HANA,500.0,Internal Server Error: IDoc status 51 - Application document not posted due to database deadlock [Ref: MSG-49514],7902,0.0,Application/System error
2026-10-04T11:39:48,Inventory_Adjustment_Feed,WMS_Manhattan,S4HANA,401.0,Unauthorized: Bearer token expired or invalid JWT signature during OAuth handshake [Ref: MSG-59998],293,1.0,Authentication/Authorization
2026-10-04T21:56:39,Product_Catalog_Export,S4HANA,Salesforce_CRM,409.0,Conflict: Duplicate document error - Purchase Order 'PO-98231' already exists in S/4HANA [Ref: MSG-60321],2007,0.0,Business error
2026-10-04T02:12:06,Product_Catalog_Export,S4HANA,Salesforce_CRM,502.0,Bad Gateway: Connection refused by target SAP S/4HANA host on port 8001 [Ref: MSG-77792],4350,1.0,Connectivity
2026-10-05T12:40:32,General_Ledger_Batch_Post,BillingEngine,S4HANA,400.0,Bad Request: Invalid date format in delivery_date '2026-31-02' - expected YYYY-MM-DD [Ref: MSG-35377],216,0.0,Validation/Data
2026-10-02T15:08:51,General_Ledger_Batch_Post,BillingEngine,S4HANA,504.0,Timeout: Target system did not respond within configured timeout of 30000ms [Ref: MSG-68277],60914,0.0,Timeout
2026-10-07T19:19:37,Tax_Calculation_Call,SAP_CPI,TaxEngine_Vertex,403.0,HTTP 403 Forbidden: Insufficient scopes for OAuth token on endpoint /api/v2/orders [Ref: MSG-95420],98,2.0,Authentication/Authorization
2026-10-05T18:18:23,Product_Catalog_Export,S4HANA,Salesforce_CRM,422.0,"Business Rule Violation: Credit limit exceeded for customer 'ACME_CORP' (Limit: $50,000, Current Order: $68,000) [Ref: MSG-50458]",1952,2.0,Business error
2026-10-01T15:32:52,Vendor_Remittance_Advice,S4HANA,Banking_API,504.0,Timeout: Target system did not respond within configured timeout of 30000ms [Ref: MSG-28953],61111,3.0,Timeout
2026-10-03T04:58:12,Employee_Onboarding_Event,Workday_HCM,ServiceNow,422.0,Business Error: Employee effective date cannot be prior to hiring offer acceptance date [Ref: MSG-35612],2540,1.0,Business error
2026-10-06T06:21:54,Warehouse_Transfer_Order,S4HANA,WMS_Manhattan,503.0,Service Unavailable: Circuit breaker open for downstream payment service [Ref: MSG-71263],493,2.0,Connectivity
2026-10-03T13:06:29,Inventory_Adjustment_Feed,WMS_Manhattan,S4HANA,500.0,Internal Server Error: NullPointerException in custom Groovy script step 'TransformOrder.groovy' line 42 [Ref: MSG-64879],8751,2.0,Application/System error
2026-10-06T15:44:14,Payment_Status_Update,Payment_Stripe,S4HANA,500.0,Internal Server Error: IDoc status 51 - Application document not posted due to database deadlock [Ref: MSG-10484],7125,1.0,Application/System error
2026-10-08T07:24:13,Warehouse_Transfer_Order,S4HANA,WMS_Manhattan,503.0,Service Unavailable: Circuit breaker open for downstream payment service [Ref: MSG-53452],369,2.0,Connectivity
2026-10-01T19:01:35,Employee_Onboarding_Event,Workday_HCM,ServiceNow,409.0,Conflict: Duplicate document error - Purchase Order 'PO-98231' already exists in S/4HANA [Ref: MSG-11296],2308,0.0,Business error
2026-10-07T19:02:01,Vendor_Remittance_Advice,S4HANA,Banking_API,503.0,Service Unavailable: Target endpoint under maintenance window [Ref: MSG-86767],922,1.0,Connectivity
2026-10-04T01:15:11,Inventory_Adjustment_Feed,WMS_Manhattan,S4HANA,503.0,Service Unavailable: Target endpoint under maintenance window [Ref: MSG-32843],2380,1.0,Connectivity
2026-10-08T05:08:24,Order_Create_Inbound,Shopify_Storefront,S4HANA,403.0,Forbidden: Client certificate missing or not trusted in SAP CPI Keystore [Ref: MSG-12751],496,1.0,Authentication/Authorization
2026-10-04T15:23:51,Payment_Status_Update,Payment_Stripe,S4HANA,422.0,Business Error: Insufficient available warehouse stock in bin A-12 for SKU 'ELEC-902' [Ref: MSG-49986],2017,0.0,Business error
2026-10-01T12:56:59,Warehouse_Transfer_Order,S4HANA,WMS_Manhattan,403.0,HTTP 403 Forbidden: Insufficient scopes for OAuth token on endpoint /api/v2/orders [Ref: MSG-18569],505,0.0,Authentication/Authorization
2026-10-04T03:27:40,Warehouse_Transfer_Order,S4HANA,WMS_Manhattan,502.0,HTTP 502 Bad Gateway: Network socket prematurely closed by upstream server [Ref: MSG-59054],2582,1.0,Connectivity
2026-10-07T12:20:15,Tax_Calculation_Call,SAP_CPI,TaxEngine_Vertex,401.0,SAP RFC logon rejected: Technical communication user 'RFC_CPI_COMM' is locked [Ref: MSG-48559],318,0.0,Authentication/Authorization
2026-10-04T14:46:05,Tax_Calculation_Call,SAP_CPI,TaxEngine_Vertex,422.0,"Business Rule Violation: Credit limit exceeded for customer 'ACME_CORP' (Limit: $50,000, Current Order: $68,000) [Ref: MSG-86556]",1682,1.0,Business error
2026-10-05T04:48:32,Invoice_Post_Out,S4HANA,SAP_CPI,409.0,Conflict: Concurrency version conflict updating Customer Master record 'CUST-10492' [Ref: MSG-76665],1757,0.0,Business error
2026-10-06T06:30:45,Employee_Onboarding_Event,Workday_HCM,ServiceNow,504.0,Gateway Timeout: SAP CPI worker exceeded maximum route execution timeout (120s) [Ref: MSG-59005],64441,5.0,Timeout
2026-10-08T02:41:02,Shipment_Confirmation_EDI,B2B_EDI_Partner,SAP_CPI,408.0,HTTP 408 Request Timeout: Socket read timed out after 45000ms waiting for WMS response [Ref: MSG-93637],75914,1.0,Timeout
2026-10-02T17:27:56,Payment_Status_Update,Payment_Stripe,S4HANA,409.0,Business Conflict: Invoice matching failed - PO line item amount mismatch greater than 2% tolerance [Ref: MSG-61891],1831,0.0,Business error
2026-10-01T12:48:05,Inventory_Adjustment_Feed,WMS_Manhattan,S4HANA,403.0,Forbidden: User lacks authorization for BAPI_SALESORDER_CREATEFROMDAT2 in S4HANA [Ref: MSG-82161],437,0.0,Authentication/Authorization
2026-10-05T00:39:21,General_Ledger_Batch_Post,BillingEngine,S4HANA,504.0,Gateway Timeout: SAP CPI worker exceeded maximum route execution timeout (120s) [Ref: MSG-15392],63789,2.0,Timeout
2026-10-03T16:24:01,Employee_Onboarding_Event,Workday_HCM,ServiceNow,408.0,Request Timeout: Client connection dropped before request payload was fully received [Ref: MSG-75213],66179,1.0,Timeout
2026-10-04T00:32:34,Employee_Onboarding_Event,Workday_HCM,ServiceNow,502.0,Bad Gateway: SAP Cloud Connector subaccount tunnel 'hana-prd-s4' is offline [Ref: MSG-20802],200,3.0,Connectivity
2026-10-01T19:02:34,Order_Create_Inbound,Shopify_Storefront,S4HANA,422.0,Business Rule Violation: SAP Posting period 09/2026 is closed in company code 1000 [Ref: MSG-25543],601,0.0,Business error
2026-10-07T05:54:17,Inventory_Adjustment_Feed,WMS_Manhattan,S4HANA,503.0,TCP connection reset by peer during TLS handshake with Vertex Tax Engine [Ref: MSG-49677],342,1.0,Connectivity
2026-10-03T08:49:19,Warehouse_Transfer_Order,S4HANA,WMS_Manhattan,400.0,Bad Request: Request payload size 38MB exceeds maximum allowed message limit 10MB [Ref: MSG-81188],587,0.0,Validation/Data
2026-10-08T04:00:30,Shipment_Confirmation_EDI,B2B_EDI_Partner,SAP_CPI,502.0,HTTP 502 Bad Gateway: Network socket prematurely closed by upstream server [Ref: MSG-86015],877,3.0,Connectivity
2026-10-03T07:47:13,Shipment_Confirmation_EDI,B2B_EDI_Partner,SAP_CPI,999.0,General anomaly detected: undefined status without protocol description [Ref: MSG-39829],5866,1.0,Unknown
2026-10-06T22:21:50,Tax_Calculation_Call,SAP_CPI,TaxEngine_Vertex,504.0,Gateway Timeout: JDBC query execution timed out in database layer [Ref: MSG-71438],33486,0.0,Timeout
2026-10-02T22:28:54,Warehouse_Transfer_Order,S4HANA,WMS_Manhattan,422.0,Business Error: Employee effective date cannot be prior to hiring offer acceptance date [Ref: MSG-64747],3562,0.0,Business error
2026-10-05T05:53:22,Inventory_Adjustment_Feed,WMS_Manhattan,S4HANA,502.0,Proxy Error: DNS lookup failed for internal host erp.corp.internal [Ref: MSG-11268],1469,2.0,Connectivity
2026-10-03T18:37:01,Shipment_Confirmation_EDI,B2B_EDI_Partner,SAP_CPI,504.0,Timeout: Target system did not respond within configured timeout of 30000ms [Ref: MSG-80464],81622,2.0,Timeout
2026-10-06T04:51:38,Invoice_Post_Out,S4HANA,SAP_CPI,401.0,HTTP 401 Unauthorized: Invalid API key provided in header x-api-key [Ref: MSG-53286],225,3.0,Authentication/Authorization
2026-10-04T10:34:24,Shipment_Confirmation_EDI,B2B_EDI_Partner,SAP_CPI,422.0,Validation Error: Quantity must be a positive integer greater than zero for line item 10 [Ref: MSG-36765],541,0.0,Validation/Data
2026-10-01T13:06:43,Vendor_Remittance_Advice,S4HANA,Banking_API,401.0,OAuth2 token refresh failed: invalid_grant - Refresh token revoked [Ref: MSG-49930],223,1.0,Authentication/Authorization
2026-10-02T10:58:24,Customer_Master_Sync,Salesforce_CRM,S4HANA,401.0,OAuth2 token refresh failed: invalid_grant - Refresh token revoked [Ref: MSG-34470],275,0.0,Authentication/Authorization
2026-10-04T00:00:10,Product_Catalog_Export,S4HANA,Salesforce_CRM,502.0,Bad Gateway: SAP Cloud Connector subaccount tunnel 'hana-prd-s4' is offline [Ref: MSG-17530],2581,2.0,Connectivity
2026-10-03T01:26:30,Invoice_Post_Out,S4HANA,SAP_CPI,500.0,Internal Server Error: IDoc status 51 - Application document not posted due to database deadlock [Ref: MSG-24515],9785,2.0,Application/System error
2026-10-07T14:19:27,Payment_Status_Update,Payment_Stripe,S4HANA,504.0,Gateway Timeout: JDBC query execution timed out in database layer [Ref: MSG-27030],73208,3.0,Timeout
2026-10-04T02:12:32,General_Ledger_Batch_Post,BillingEngine,S4HANA,400.0,Bad Request: Request payload size 38MB exceeds maximum allowed message limit 10MB [Ref: MSG-85378],312,0.0,Validation/Data
2026-10-04T10:52:25,Customer_Master_Sync,Salesforce_CRM,S4HANA,504.0,Gateway Timeout: SAP CPI worker exceeded maximum route execution timeout (120s) [Ref: MSG-28702],64536,3.0,Timeout
2026-10-04T22:36:02,General_Ledger_Batch_Post,BillingEngine,S4HANA,503.0,TCP connection reset by peer during TLS handshake with Vertex Tax Engine [Ref: MSG-74350],1304,3.0,Connectivity
2026-10-05T03:52:51,Employee_Onboarding_Event,Workday_HCM,ServiceNow,503.0,Service Unavailable: Circuit breaker open for downstream payment service [Ref: MSG-48987],2588,3.0,Connectivity
2026-10-04T20:58:42,General_Ledger_Batch_Post,BillingEngine,S4HANA,504.0,Gateway Timeout: SAP CPI worker exceeded maximum route execution timeout (120s) [Ref: MSG-66633],95051,1.0,Timeout
2026-10-02T13:17:56,Warehouse_Transfer_Order,S4HANA,WMS_Manhattan,422.0,Validation Error: Quantity must be a positive integer greater than zero for line item 10 [Ref: MSG-15723],382,0.0,Validation/Data
2026-10-04T21:48:35,Warehouse_Transfer_Order,S4HANA,WMS_Manhattan,502.0,Bad Gateway: SAP Cloud Connector subaccount tunnel 'hana-prd-s4' is offline [Ref: MSG-38476],3357,1.0,Connectivity
2026-10-04T22:10:16,Tax_Calculation_Call,SAP_CPI,TaxEngine_Vertex,502.0,Bad Gateway: SAP Cloud Connector subaccount tunnel 'hana-prd-s4' is offline [Ref: MSG-52731],1553,1.0,Connectivity
2026-10-07T05:47:29,Order_Create_Inbound,Shopify_Storefront,S4HANA,401.0,Unauthorized: Bearer token expired or invalid JWT signature during OAuth handshake [Ref: MSG-93737],358,0.0,Authentication/Authorization
2026-10-01T16:07:45,Shipment_Confirmation_EDI,B2B_EDI_Partner,SAP_CPI,422.0,Unprocessable Entity: Currency code 'USDD' is not ISO-4217 compliant [Ref: MSG-14951],288,1.0,Validation/Data
2026-10-01T10:35:42,Product_Catalog_Export,S4HANA,Salesforce_CRM,503.0,Service Unavailable: Circuit breaker open for downstream payment service [Ref: MSG-70470],1440,1.0,Connectivity
2026-10-07T13:10:53,Product_Catalog_Export,S4HANA,Salesforce_CRM,500.0,Internal Server Error: OutOfMemoryError in Java mapping runtime in SAP Integration Suite [Ref: MSG-46587],6671,0.0,Application/System error
2026-10-06T20:10:04,Order_Create_Inbound,Shopify_Storefront,S4HANA,403.0,Forbidden: Client certificate missing or not trusted in SAP CPI Keystore [Ref: MSG-80078],546,1.0,Authentication/Authorization
2026-10-03T13:13:45,Invoice_Post_Out,S4HANA,SAP_CPI,403.0,Forbidden: Client certificate missing or not trusted in SAP CPI Keystore [Ref: MSG-67757],212,0.0,Authentication/Authorization
2026-10-08T04:51:33,Product_Catalog_Export,S4HANA,Salesforce_CRM,422.0,Unprocessable Entity: Currency code 'USDD' is not ISO-4217 compliant [Ref: MSG-16259],495,0.0,Validation/Data
2026-10-04T09:38:00,Shipment_Confirmation_EDI,B2B_EDI_Partner,SAP_CPI,400.0,Bad Request: Invalid date format in delivery_date '2026-31-02' - expected YYYY-MM-DD [Ref: MSG-50412],336,0.0,Validation/Data
2026-10-02T14:05:01,Payment_Status_Update,Payment_Stripe,S4HANA,503.0,Service Unavailable: Target endpoint under maintenance window [Ref: MSG-59105],9080,2.0,Connectivity
2026-10-06T10:14:56,Payment_Status_Update,Payment_Stripe,S4HANA,0.0,Raw socket disconnect with unknown termination reason [Ref: MSG-99123],7512,0.0,Unknown
2026-10-01T21:32:06,Warehouse_Transfer_Order,S4HANA,WMS_Manhattan,422.0,"Business Rule Violation: Credit limit exceeded for customer 'ACME_CORP' (Limit: $50,000, Current Order: $68,000) [Ref: MSG-31895]",1648,1.0,Business error
2026-10-05T20:27:07,General_Ledger_Batch_Post,BillingEngine,S4HANA,503.0,Service Unavailable: Target endpoint under maintenance window [Ref: MSG-37147],1980,1.0,Connectivity
2026-10-05T04:20:00,Invoice_Post_Out,S4HANA,SAP_CPI,403.0,Forbidden: User lacks authorization for BAPI_SALESORDER_CREATEFROMDAT2 in S4HANA [Ref: MSG-11965],543,0.0,Authentication/Authorization
2026-10-07T03:23:02,Vendor_Remittance_Advice,S4HANA,Banking_API,504.0,Gateway Timeout: Upstream SAP S/4HANA took longer than 60000ms to respond to BAPI call [Ref: MSG-46497],71803,0.0,Timeout
2026-10-02T06:34:50,General_Ledger_Batch_Post,BillingEngine,S4HANA,503.0,Service Unavailable: Backend connection pool exhausted (max 150 active connections) [Ref: MSG-75480],2679,5.0,Connectivity
2026-10-05T18:40:44,Inventory_Adjustment_Feed,WMS_Manhattan,S4HANA,422.0,"Business Rule Violation: Credit limit exceeded for customer 'ACME_CORP' (Limit: $50,000, Current Order: $68,000) [Ref: MSG-22418]",789,0.0,Business error
2026-10-03T13:40:48,Warehouse_Transfer_Order,S4HANA,WMS_Manhattan,500.0,HTTP 500: System crash occurred during large batch file processing in middleware worker [Ref: MSG-27423],2665,2.0,Application/System error
2026-10-02T03:58:37,Order_Create_Inbound,Shopify_Storefront,S4HANA,503.0,Service Unavailable: Circuit breaker open for downstream payment service [Ref: MSG-53922],1471,2.0,Connectivity
2026-10-06T06:00:14,Payment_Status_Update,Payment_Stripe,S4HANA,504.0,Timeout: Target system did not respond within configured timeout of 30000ms [Ref: MSG-75984],73961,0.0,Timeout
2026-10-06T21:48:15,Inventory_Adjustment_Feed,WMS_Manhattan,S4HANA,400.0,Bad Request: Invalid date format in delivery_date '2026-31-02' - expected YYYY-MM-DD [Ref: MSG-40984],555,0.0,Validation/Data
2026-10-02T12:24:13,Product_Catalog_Export,S4HANA,Salesforce_CRM,403.0,Forbidden: User lacks authorization for BAPI_SALESORDER_CREATEFROMDAT2 in S4HANA [Ref: MSG-48877],314,1.0,Authentication/Authorization
2026-10-02T16:20:41,Warehouse_Transfer_Order,S4HANA,WMS_Manhattan,503.0,Service Unavailable: Circuit breaker open for downstream payment service [Ref: MSG-53082],2193,3.0,Connectivity
2026-10-07T08:14:54,Vendor_Remittance_Advice,S4HANA,Banking_API,403.0,HTTP 403 Forbidden: Insufficient scopes for OAuth token on endpoint /api/v2/orders [Ref: MSG-47808],515,2.0,Authentication/Authorization
2026-10-06T15:51:43,Tax_Calculation_Call,SAP_CPI,TaxEngine_Vertex,503.0,Service Unavailable: Target endpoint under maintenance window [Ref: MSG-17087],303,3.0,Connectivity
2026-10-02T22:40:00,Tax_Calculation_Call,SAP_CPI,TaxEngine_Vertex,502.0,HTTP 502 Bad Gateway: Network socket prematurely closed by upstream server [Ref: MSG-52157],1093,0.0,Connectivity
2026-10-02T14:08:05,Customer_Master_Sync,Salesforce_CRM,S4HANA,504.0,Gateway Timeout: SAP CPI worker exceeded maximum route execution timeout (120s) [Ref: MSG-93147],45829,1.0,Timeout
2026-10-01T21:46:29,Payment_Status_Update,Payment_Stripe,S4HANA,422.0,Unprocessable Entity: Currency code 'USDD' is not ISO-4217 compliant [Ref: MSG-76509],203,0.0,Validation/Data
2026-10-05T15:19:18,Shipment_Confirmation_EDI,B2B_EDI_Partner,SAP_CPI,422.0,Unprocessable Entity: Currency code 'USDD' is not ISO-4217 compliant [Ref: MSG-33125],317,0.0,Validation/Data
2026-10-01T19:25:24,Inventory_Adjustment_Feed,WMS_Manhattan,S4HANA,500.0,Internal Server Error: OutOfMemoryError in Java mapping runtime in SAP Integration Suite [Ref: MSG-73068],8881,0.0,Application/System error
2026-10-07T12:52:50,General_Ledger_Batch_Post,BillingEngine,S4HANA,408.0,HTTP 408 Request Timeout: Socket read timed out after 45000ms waiting for WMS response [Ref: MSG-66810],41709,2.0,Timeout
2026-10-01T09:00:00,Order_Create_Inbound,Shopify_Storefront,S4HANA,500.0,Internal Server Error: Database deadlock during order creation,-250,2.0,Application/System error
2026-10-01T10:00:00,Customer_Master_Sync,Salesforce_CRM,S4HANA,,Network reset connection lost mid-transfer,1200,1.0,Connectivity
2026-10-01T11:00:00,Invoice_Post_Out,S4HANA,SAP_CPI,401.0,Unauthorized client credentials invalid,300,,Authentication/Authorization
2026-10-01T12:00:00,Tax_Calculation_Call , SAP_CPI ,TaxEngine_Vertex,504.0,   Gateway Timeout: Read timeout after 60000ms   ,60200,3.0,Timeout
2026-10-01T13:00:00,Payment_Status_Update,Payment_Stripe,S4HANA,503.0,,500,0.0,Connectivity
2026-10-01T09:00:00,Order_Create_Inbound,Shopify_Storefront,S4HANA,500.0,Internal Server Error: Database deadlock during order creation,-250,2.0,Application/System error
